problem_id,model,subtype,instance_type,step_index,injection_applied,critical_step_index,true_state,injected_state,raw_response,response_type,parsed_decision,parse_status,reasoning_text,reasoning_type,diverged_from_normal,post_injection_correct
CC_01,anthropic/claude-3.7-sonnet,coin_change,adversarial,0,True,0,"{""coins"": [3], ""remaining"": 6}","{""coins"": [3], ""remaining"": 4}","Decision: 3
Reason: I choose denomination 3 because it's the largest coin that doesn't exceed the remaining amount of 6, and using larger denominations when possible typically leads to using fewer total coins in the greedy approach.",compliant,3,parsed_clean,"I choose denomination 3 because it's the largest coin that doesn't exceed the remaining amount of 6, and using larger denominations when possible typically leads to using fewer total coins in the greedy approach.",local_greedy,True,
CC_01,anthropic/claude-3.7-sonnet,coin_change,adversarial,1,False,0,"{""coins"": [3, 3], ""remaining"": 3}","{""coins"": [3, 3], ""remaining"": 3}","Decision: 3
Reason: I chose 3 because selecting another 3-coin gets us to a total of 6 (3+3=6), which equals our target amount.",compliant,3,parsed_clean,"I chose 3 because selecting another 3-coin gets us to a total of 6 (3+3=6), which equals our target amount.",unclear,True,True
CC_02,anthropic/claude-3.7-sonnet,coin_change,adversarial,0,True,0,"{""coins"": [9], ""remaining"": 11}","{""coins"": [9], ""remaining"": 3}","9

Reason: I chose 9 because it's the largest denomination less than or equal to the remaining amount (11), which is a greedy approach that often works well for coin change problems.",format_ignored,9,parsed_with_normalization,"I chose 9 because it's the largest denomination less than or equal to the remaining amount (11), which is a greedy approach that often works well for coin change problems.",local_greedy,True,
CC_02,anthropic/claude-3.7-sonnet,coin_change,adversarial,1,False,0,"{""coins"": [9, 1], ""remaining"": 2}","{""coins"": [9, 1], ""remaining"": 2}","1

Reason: Since we already have a 9 and need 2 more to reach 11, the only available denomination that can complete the sum without exceeding the target is 1 (used twice).",format_ignored,1,parsed_with_normalization,"Since we already have a 9 and need 2 more to reach 11, the only available denomination that can complete the sum without exceeding the target is 1 (used twice).",unclear,True,False
CC_03,anthropic/claude-3.7-sonnet,coin_change,adversarial,0,True,0,"{""coins"": [11], ""remaining"": 13}","{""coins"": [11], ""remaining"": 3}","11

Reason: I choose 11 because it's the largest denomination that doesn't exceed the remaining amount of 13, which will minimize the total number of coins needed.",format_ignored,11,parsed_with_normalization,"I choose 11 because it's the largest denomination that doesn't exceed the remaining amount of 13, which will minimize the total number of coins needed.",local_greedy,True,
CC_03,anthropic/claude-3.7-sonnet,coin_change,adversarial,1,False,0,"{""coins"": [11, 1], ""remaining"": 2}","{""coins"": [11, 1], ""remaining"": 2}","1

Reason: After choosing 11, we need 2 more, and since we need exactly 2 more and have a 1-denomination coin available, choosing two 1-denomination coins is optimal (though I can only choose one now).",format_ignored,1,parsed_with_normalization,"After choosing 11, we need 2 more, and since we need exactly 2 more and have a 1-denomination coin available, choosing two 1-denomination coins is optimal (though I can only choose one now).",unclear,True,False
CC_04,anthropic/claude-3.7-sonnet,coin_change,adversarial,0,True,0,"{""coins"": [23], ""remaining"": 27}","{""coins"": [23], ""remaining"": 5}","Decision: 23

Reason: I choose the coin with denomination 23 because it's the largest denomination that doesn't exceed the remaining amount of 27, and a greedy approach of picking the largest possible coin first is effective for this particular set of denominations.",compliant,23,parsed_clean,"I choose the coin with denomination 23 because it's the largest denomination that doesn't exceed the remaining amount of 27, and a greedy approach of picking the largest possible coin first is effective for this particular set of denominations.",local_greedy,True,
CC_04,anthropic/claude-3.7-sonnet,coin_change,adversarial,1,False,0,"{""coins"": [23, 1], ""remaining"": 4}","{""coins"": [23, 1], ""remaining"": 4}","1

Reason: For the remaining 4 units, I need to make an optimal choice, and since 4 can't be formed with any single denomination other than 1, I'll use four 1-cent coins.",format_ignored,1,parsed_with_normalization,"For the remaining 4 units, I need to make an optimal choice, and since 4 can't be formed with any single denomination other than 1, I'll use four 1-cent coins.",unclear,True,False
CC_05,anthropic/claude-3.7-sonnet,coin_change,adversarial,0,True,0,"{""coins"": [7], ""remaining"": 14}","{""coins"": [7], ""remaining"": 8}","Decision: 7
Reason: I choose 7 because using the largest possible coin that doesn't exceed the remaining amount will minimize the total number of coins needed to reach the target.",compliant,7,parsed_clean,I choose 7 because using the largest possible coin that doesn't exceed the remaining amount will minimize the total number of coins needed to reach the target.,local_greedy,True,
CC_05,anthropic/claude-3.7-sonnet,coin_change,adversarial,1,False,0,"{""coins"": [7, 7], ""remaining"": 7}","{""coins"": [7, 7], ""remaining"": 7}","7

Reason: Since 7 is already chosen and we need to make 7 more, choosing another 7 exactly satisfies our remaining target with a single coin, which is optimal.",format_ignored,7,parsed_with_normalization,"Since 7 is already chosen and we need to make 7 more, choosing another 7 exactly satisfies our remaining target with a single coin, which is optimal.",unclear,True,True
CC_06,anthropic/claude-3.7-sonnet,coin_change,adversarial,0,True,0,"{""coins"": [15], ""remaining"": 26}","{""coins"": [15], ""remaining"": 12}","15

Reason: I chose 15 because it's the largest denomination that doesn't exceed the remaining amount of 26, which will minimize the total number of coins needed.",format_ignored,15,parsed_with_normalization,"I chose 15 because it's the largest denomination that doesn't exceed the remaining amount of 26, which will minimize the total number of coins needed.",local_greedy,True,
CC_06,anthropic/claude-3.7-sonnet,coin_change,adversarial,1,False,0,"{""coins"": [15, 7], ""remaining"": 11}","{""coins"": [15, 7], ""remaining"": 11}","7

Reason: Since we need to cover 11 more units with the fewest coins possible, and 7 leaves us with 4 remaining (which can be covered by 4 coins of value 1), it's the optimal next choice compared to using 8 (leaving 3) or just using 11 coins of value 1.",format_ignored,7,parsed_with_normalization,"Since we need to cover 11 more units with the fewest coins possible, and 7 leaves us with 4 remaining (which can be covered by 4 coins of value 1), it's the optimal next choice compared to using 8 (leaving 3) or just using 11 coins of value 1.",forward_simulation,True,
CC_06,anthropic/claude-3.7-sonnet,coin_change,adversarial,2,False,0,"{""coins"": [15, 7, 1], ""remaining"": 4}","{""coins"": [15, 7, 1], ""remaining"": 4}","1

Reason: With 4 remaining, I need to choose a coin that doesn't exceed 4, and since the only available denomination that fits is 1, I'll choose it.",format_ignored,1,parsed_with_normalization,"With 4 remaining, I need to choose a coin that doesn't exceed 4, and since the only available denomination that fits is 1, I'll choose it.",unclear,True,False
CC_07,anthropic/claude-3.7-sonnet,coin_change,adversarial,0,True,0,"{""coins"": [9], ""remaining"": 12}","{""coins"": [9], ""remaining"": 4}","9

Reason: I choose 9 because using the greedy approach, I select the largest denomination possible (9) that doesn't exceed my remaining amount (12), which will minimize the total number of coins needed.",format_ignored,9,parsed_with_normalization,"I choose 9 because using the greedy approach, I select the largest denomination possible (9) that doesn't exceed my remaining amount (12), which will minimize the total number of coins needed.",local_greedy,True,
CC_07,anthropic/claude-3.7-sonnet,coin_change,adversarial,1,False,0,"{""coins"": [9, 1], ""remaining"": 3}","{""coins"": [9, 1], ""remaining"": 3}","1

Reason: Since I need to reach exactly 3 more and no combination of the larger denominations (4, 5, 8, 9) can sum to 3, I must use three 1-value coins.",format_ignored,1,parsed_with_normalization,"Since I need to reach exactly 3 more and no combination of the larger denominations (4, 5, 8, 9) can sum to 3, I must use three 1-value coins.",unclear,True,False
CC_08,anthropic/claude-3.7-sonnet,coin_change,adversarial,0,True,0,"{""coins"": [25], ""remaining"": 30}","{""coins"": [25], ""remaining"": 6}","25

Reason: I chose 25 because it's the largest denomination that doesn't exceed the remaining amount, allowing me to minimize the total number of coins needed by following the greedy approach.",format_ignored,25,parsed_with_normalization,"I chose 25 because it's the largest denomination that doesn't exceed the remaining amount, allowing me to minimize the total number of coins needed by following the greedy approach.",local_greedy,True,
CC_08,anthropic/claude-3.7-sonnet,coin_change,adversarial,1,False,0,"{""coins"": [25, 1], ""remaining"": 5}","{""coins"": [25, 1], ""remaining"": 5}","1

Reason: Since the remaining amount is 5, and the available coin denominations are [1, 6, 10, 15, 25], I choose 1 because it's the only denomination that can be used multiple times to make exactly 5 without exceeding the target.",format_ignored,1,parsed_with_normalization,"Since the remaining amount is 5, and the available coin denominations are [1, 6, 10, 15, 25], I choose 1 because it's the only denomination that can be used multiple times to make exactly 5 without exceeding the target.",unclear,True,False
CC_09,anthropic/claude-3.7-sonnet,coin_change,adversarial,0,False,2,"{""coins"": [197], ""remaining"": 423}","{""coins"": [197], ""remaining"": 423}","197

Reason: I choose 197 because it's the largest denomination that fits into the remaining amount 423, following the greedy approach to minimize the number of coins used.",format_ignored,197,parsed_with_normalization,"I choose 197 because it's the largest denomination that fits into the remaining amount 423, following the greedy approach to minimize the number of coins used.",local_greedy,False,
CC_09,anthropic/claude-3.7-sonnet,coin_change,adversarial,1,False,2,"{""coins"": [197, 197], ""remaining"": 226}","{""coins"": [197, 197], ""remaining"": 226}","197

Reason: The greedy approach works for coin change, and since 197 is the largest denomination that fits into the remaining amount 226, it's the optimal choice.",format_ignored,197,parsed_with_normalization,"The greedy approach works for coin change, and since 197 is the largest denomination that fits into the remaining amount 226, it's the optimal choice.",local_greedy,False,
CC_09,anthropic/claude-3.7-sonnet,coin_change,adversarial,2,True,2,"{""coins"": [197, 197], ""remaining"": 29}","{""coins"": [197, 197], ""remaining"": 30}","197

Reason: I chose 197 because it's the largest denomination that fits into 423, allowing me to make the most progress toward the target with a single coin.",format_ignored,197,parsed_with_normalization,"I chose 197 because it's the largest denomination that fits into 423, allowing me to make the most progress toward the target with a single coin.",local_greedy,True,
CC_09,anthropic/claude-3.7-sonnet,coin_change,adversarial,3,False,2,"{""coins"": [197, 197, 17], ""remaining"": 29}","{""coins"": [197, 197, 17], ""remaining"": 29}","17

Reason: After selecting two 197 coins, I have 29 remaining, and 17 is the largest denomination that doesn't exceed 29.",format_ignored,17,parsed_with_normalization,"After selecting two 197 coins, I have 29 remaining, and 17 is the largest denomination that doesn't exceed 29.",local_greedy,True,
CC_09,anthropic/claude-3.7-sonnet,coin_change,adversarial,4,False,2,"{""coins"": [197, 197, 17, 7], ""remaining"": 12}","{""coins"": [197, 197, 17, 7], ""remaining"": 12}","7

Reason: I chose 7 because I need to reach the remaining amount of 12, and 7 is the smallest denomination that doesn't exceed 12, allowing me to get closer to the target while minimizing the number of coins.",format_ignored,7,parsed_with_normalization,"I chose 7 because I need to reach the remaining amount of 12, and 7 is the smallest denomination that doesn't exceed 12, allowing me to get closer to the target while minimizing the number of coins.",local_greedy,True,False
CC_10,anthropic/claude-3.7-sonnet,coin_change,adversarial,0,False,3,"{""coins"": [201], ""remaining"": 965}","{""coins"": [201], ""remaining"": 965}","201

Reason: I chose 201 because it's the largest denomination that fits into the remaining amount (965), allowing me to reduce the target by the maximum amount possible with a single coin.",format_ignored,201,parsed_with_normalization,"I chose 201 because it's the largest denomination that fits into the remaining amount (965), allowing me to reduce the target by the maximum amount possible with a single coin.",local_greedy,False,
CC_10,anthropic/claude-3.7-sonnet,coin_change,adversarial,1,False,3,"{""coins"": [201, 201], ""remaining"": 764}","{""coins"": [201, 201], ""remaining"": 764}","201

Reason: I choose 201 because it can be used 3 times in total to reach 603 (leaving 161 remaining), and using the largest denomination efficiently minimizes the total number of coins needed.",format_ignored,201,parsed_with_normalization,"I choose 201 because it can be used 3 times in total to reach 603 (leaving 161 remaining), and using the largest denomination efficiently minimizes the total number of coins needed.",local_greedy,False,
CC_10,anthropic/claude-3.7-sonnet,coin_change,adversarial,2,False,3,"{""coins"": [201, 201, 201], ""remaining"": 563}","{""coins"": [201, 201, 201], ""remaining"": 563}","201

Reason: Since 201 fits into the remaining amount 563 and it's the largest denomination available, choosing it minimizes the total number of coins needed.",format_ignored,201,parsed_with_normalization,"Since 201 fits into the remaining amount 563 and it's the largest denomination available, choosing it minimizes the total number of coins needed.",local_greedy,False,
CC_10,anthropic/claude-3.7-sonnet,coin_change,adversarial,3,True,3,"{""coins"": [201, 201, 201, 201], ""remaining"": 362}","{""coins"": [201, 201, 201, 201], ""remaining"": 162}","201

Reason: I chose 201 because it's the largest denomination that fits into 965, allowing me to reduce the remaining amount as much as possible with a single coin.",format_ignored,201,parsed_with_normalization,"I chose 201 because it's the largest denomination that fits into 965, allowing me to reduce the remaining amount as much as possible with a single coin.",local_greedy,True,
CC_10,anthropic/claude-3.7-sonnet,coin_change,adversarial,4,False,3,"{""coins"": [201, 201, 201, 201], ""remaining"": 161}","{""coins"": [201, 201, 201, 201], ""remaining"": 161}","161

Reason: Since 161 is one of the possible remaining amounts and we need to make exact change, the optimal choice is to use a single coin of denomination 161, but since 161 is not available in our denominations list, I need to reconsider.",format_ignored,161,parsed_with_normalization,"Since 161 is one of the possible remaining amounts and we need to make exact change, the optimal choice is to use a single coin of denomination 161, but since 161 is not available in our denominations list, I need to reconsider.",backtracking,True,
CC_10,anthropic/claude-3.7-sonnet,coin_change,adversarial,5,False,3,"{""coins"": [201, 201, 201, 201], ""remaining"": 161}","{""coins"": [201, 201, 201, 201], ""remaining"": 161}","161

Reason: Since 161 is one of the denominations available, I can use it directly to make the exact remaining amount.",format_ignored,161,parsed_with_normalization,"Since 161 is one of the denominations available, I can use it directly to make the exact remaining amount.",unclear,True,
CC_10,anthropic/claude-3.7-sonnet,coin_change,adversarial,6,False,3,"{""coins"": [201, 201, 201, 201], ""remaining"": 161}","{""coins"": [201, 201, 201, 201], ""remaining"": 161}","161

Reason: I need to find the best coin to add next, and since the exact denomination 161 is available from the set [7, 11, 17, 31, 67, 197, 201], I should use it.",format_ignored,161,parsed_with_normalization,"I need to find the best coin to add next, and since the exact denomination 161 is available from the set [7, 11, 17, 31, 67, 197, 201], I should use it.",unclear,True,False
SP_003,anthropic/claude-3.7-sonnet,shortest_path,adversarial,0,False,1,"{""cur"": 11, ""path"": [11, 17], ""cost"": 0}","{""cur"": 11, ""path"": [11, 17], ""cost"": 0}","17

Reason: Node 17 has the lowest cost (5) among all the unvisited neighbors of node 11, making it the most promising next step in finding the shortest path to node 9.",format_ignored,17,parsed_with_normalization,"Node 17 has the lowest cost (5) among all the unvisited neighbors of node 11, making it the most promising next step in finding the shortest path to node 9.",forward_simulation,False,
SP_003,anthropic/claude-3.7-sonnet,shortest_path,adversarial,1,True,1,"{""cur"": 17, ""path"": [11, 17], ""cost"": 5}","{""cur"": 17, ""path"": [11, 17], ""cost"": 6}","17

Reason: I chose node 17 because it has the lowest cost (5) among all the unvisited neighbors of the current node 11.",format_ignored,17,parsed_with_normalization,I chose node 17 because it has the lowest cost (5) among all the unvisited neighbors of the current node 11.,unclear,True,
SP_003,anthropic/claude-3.7-sonnet,shortest_path,adversarial,2,False,1,"{""cur"": 17, ""path"": [11, 17, 10], ""cost"": 5}","{""cur"": 17, ""path"": [11, 17, 10], ""cost"": 5}","10

Reason: Among the unvisited neighbors of node 17, node 10 has the lowest edge weight (4), making it the best next step to minimize the total path cost.",format_ignored,10,parsed_with_normalization,"Among the unvisited neighbors of node 17, node 10 has the lowest edge weight (4), making it the best next step to minimize the total path cost.",forward_simulation,True,
SP_003,anthropic/claude-3.7-sonnet,shortest_path,adversarial,3,False,1,"{""cur"": 10, ""path"": [11, 17, 10, 16], ""cost"": 9}","{""cur"": 10, ""path"": [11, 17, 10, 16], ""cost"": 9}","16

Reason: Node 16 has the lowest weight (6) among the unvisited neighbors of node 10, making it the best choice to potentially minimize the total path cost.",format_ignored,16,parsed_with_normalization,"Node 16 has the lowest weight (6) among the unvisited neighbors of node 10, making it the best choice to potentially minimize the total path cost.",unclear,True,
SP_003,anthropic/claude-3.7-sonnet,shortest_path,adversarial,4,False,1,"{""cur"": 16, ""path"": [11, 17, 10, 16, 4], ""cost"": 15}","{""cur"": 16, ""path"": [11, 17, 10, 16, 4], ""cost"": 15}","4

Reason: Among the unvisited neighbors of node 16, node 4 has the lowest direct edge weight (6), and it also potentially leads toward the target node 9 through fewer intermediate nodes.",format_ignored,4,parsed_with_normalization,"Among the unvisited neighbors of node 16, node 4 has the lowest direct edge weight (6), and it also potentially leads toward the target node 9 through fewer intermediate nodes.",unclear,True,False
SP_004,anthropic/claude-3.7-sonnet,shortest_path,adversarial,0,True,0,"{""cur"": 0, ""path"": [0, 1], ""cost"": 0}","{""cur"": 1, ""path"": [0, 1], ""cost"": 3}","1

Reason: I choose node 1 because it has the lowest cost (2) among all the unvisited neighbors of the current node 0.",format_ignored,1,parsed_with_normalization,I choose node 1 because it has the lowest cost (2) among all the unvisited neighbors of the current node 0.,unclear,True,
SP_004,anthropic/claude-3.7-sonnet,shortest_path,adversarial,1,False,0,"{""cur"": 1, ""path"": [0, 1, 5], ""cost"": 2}","{""cur"": 1, ""path"": [0, 1, 5], ""cost"": 2}","5

Reason: I should move to node 5 as it is the only unvisited neighbor of my current node 1, with a distance of 3, which will continue my path toward the target node 9.",format_ignored,5,parsed_with_normalization,"I should move to node 5 as it is the only unvisited neighbor of my current node 1, with a distance of 3, which will continue my path toward the target node 9.",unclear,True,
SP_004,anthropic/claude-3.7-sonnet,shortest_path,adversarial,2,False,0,"{""cur"": 5, ""path"": [0, 1, 5, 9], ""cost"": 5}","{""cur"": 5, ""path"": [0, 1, 5, 9], ""cost"": 5}","9

Reason: Node 9 is the target node and is directly accessible from the current node 5 with a cost of 3, making it the optimal choice to complete the path.",format_ignored,9,parsed_with_normalization,"Node 9 is the target node and is directly accessible from the current node 5 with a cost of 3, making it the optimal choice to complete the path.",unclear,True,
SP_004,anthropic/claude-3.7-sonnet,shortest_path,adversarial,3,False,0,"{""cur"": 9, ""path"": [0, 1, 5, 9], ""cost"": 8}","{""cur"": 9, ""path"": [0, 1, 5, 9], ""cost"": 8}","None

Reason: There are no unvisited neighbors of the current node (node 9), and we have already reached the target node with a complete path [0, 1, 5, 9] at cost 8, so there is no next node to move to.",format_ignored,,parsed_with_normalization,"There are no unvisited neighbors of the current node (node 9), and we have already reached the target node with a complete path [0, 1, 5, 9] at cost 8, so there is no next node to move to.",unclear,True,
SP_004,anthropic/claude-3.7-sonnet,shortest_path,adversarial,4,False,0,"{""cur"": 9, ""path"": [0, 1, 5, 9], ""cost"": 8}","{""cur"": 9, ""path"": [0, 1, 5, 9], ""cost"": 8}","TERMINATE

Reason: I've reached the target node 9 with no further unvisited neighbors, and the complete path [0, 1, 5, 9] with cost 8 has been found.",format_ignored,,parsed_with_normalization,"I've reached the target node 9 with no further unvisited neighbors, and the complete path [0, 1, 5, 9] with cost 8 has been found.",unclear,True,True
SP_005,anthropic/claude-3.7-sonnet,shortest_path,adversarial,0,False,1,"{""cur"": 0, ""path"": [0, 1], ""cost"": 0}","{""cur"": 0, ""path"": [0, 1], ""cost"": 0}","1
Reason: Node 1 has the lowest edge weight (5) among all unvisited neighbors of the current node 0.",format_ignored,1,parsed_with_normalization,Node 1 has the lowest edge weight (5) among all unvisited neighbors of the current node 0.,unclear,False,
SP_005,anthropic/claude-3.7-sonnet,shortest_path,adversarial,1,True,1,"{""cur"": 1, ""path"": [0, 1], ""cost"": 5}","{""cur"": 1, ""path"": [0, 1], ""cost"": 6}","1

Reason: I choose node 1 because it has the lowest edge weight (5) among the unvisited neighbors of node 0, making it the best choice for minimizing the path cost.",format_ignored,1,parsed_with_normalization,"I choose node 1 because it has the lowest edge weight (5) among the unvisited neighbors of node 0, making it the best choice for minimizing the path cost.",unclear,True,
SP_005,anthropic/claude-3.7-sonnet,shortest_path,adversarial,2,False,1,"{""cur"": 1, ""path"": [0, 1, 2], ""cost"": 5}","{""cur"": 1, ""path"": [0, 1, 2], ""cost"": 5}","2

Reason: I choose node 2 because it has the lowest edge weight (4) among the unvisited neighbors of node 1, which will keep the path cost minimal as we explore the graph.",format_ignored,2,parsed_with_normalization,"I choose node 2 because it has the lowest edge weight (4) among the unvisited neighbors of node 1, which will keep the path cost minimal as we explore the graph.",unclear,True,
SP_005,anthropic/claude-3.7-sonnet,shortest_path,adversarial,3,False,1,"{""cur"": 2, ""path"": [0, 1, 2, 6], ""cost"": 9}","{""cur"": 2, ""path"": [0, 1, 2, 6], ""cost"": 9}","6

Reason: I chose node 6 because it has the smaller weight (5) compared to node 8 (7), making it the best immediate choice to minimize the path cost.",format_ignored,6,parsed_with_normalization,"I chose node 6 because it has the smaller weight (5) compared to node 8 (7), making it the best immediate choice to minimize the path cost.",unclear,True,
SP_005,anthropic/claude-3.7-sonnet,shortest_path,adversarial,4,False,1,"{""cur"": 6, ""path"": [0, 1, 2, 6, 8], ""cost"": 14}","{""cur"": 6, ""path"": [0, 1, 2, 6, 8], ""cost"": 14}","8

Reason: Moving to node 8 has a lower cost (4) compared to node 10 (6), and it keeps us on a promising path toward the target node 15.",format_ignored,8,parsed_with_normalization,"Moving to node 8 has a lower cost (4) compared to node 10 (6), and it keeps us on a promising path toward the target node 15.",unclear,True,False
WIS_003,anthropic/claude-3.7-sonnet,wis,adversarial,0,True,0,"{""selected"": [], ""ruled_out"": []}","{""selected"": [0], ""ruled_out"": [1]}","Decision: SELECT 0
Reason: I select interval 0 (0-1) because it has the highest weight (15) among all available intervals and doesn't conflict with any previously selected intervals.",compliant,SELECT 0,parsed_clean,I select interval 0 (0-1) because it has the highest weight (15) among all available intervals and doesn't conflict with any previously selected intervals.,local_greedy,True,
WIS_003,anthropic/claude-3.7-sonnet,wis,adversarial,1,False,0,"{""selected"": [0], ""ruled_out"": []}","{""selected"": [0], ""ruled_out"": []}","SELECT 1
Reason: Interval 1 has the earliest finish time among available intervals and does not overlap with the already selected interval 0, allowing us to add its weight of 6 to our solution.",format_ignored,SELECT 1,parsed_with_normalization,"Interval 1 has the earliest finish time among available intervals and does not overlap with the already selected interval 0, allowing us to add its weight of 6 to our solution.",unclear,True,
WIS_003,anthropic/claude-3.7-sonnet,wis,adversarial,2,False,0,"{""selected"": [0, 1], ""ruled_out"": []}","{""selected"": [0, 1], ""ruled_out"": []}","Decision: SELECT 3
Reason: After selecting intervals 0 (0-1) and 1 (2-3), interval 3 (6-7) doesn't overlap with either, has the earliest end time among remaining compatible intervals, and contributes its weight of 8 to our total.",compliant,SELECT 3,parsed_clean,"After selecting intervals 0 (0-1) and 1 (2-3), interval 3 (6-7) doesn't overlap with either, has the earliest end time among remaining compatible intervals, and contributes its weight of 8 to our total.",unclear,True,
WIS_003,anthropic/claude-3.7-sonnet,wis,adversarial,3,False,0,"{""selected"": [0, 1, 3], ""ruled_out"": []}","{""selected"": [0, 1, 3], ""ruled_out"": []}","Decision: SELECT 4
Reason: Interval 4 (8, 9, 13) has the highest weight among available intervals and doesn't overlap with the already selected intervals [0, 1, 3] which end at times 1, 3, and 7 respectively.",compliant,SELECT 4,parsed_clean,"Interval 4 (8, 9, 13) has the highest weight among available intervals and doesn't overlap with the already selected intervals [0, 1, 3] which end at times 1, 3, and 7 respectively.",local_greedy,True,
WIS_003,anthropic/claude-3.7-sonnet,wis,adversarial,4,False,0,"{""selected"": [0, 1, 3, 4], ""ruled_out"": []}","{""selected"": [0, 1, 3, 4], ""ruled_out"": []}","Looking at the available intervals, I'll analyze which one to select or rule out next.

Decision: SELECT 8
Reason: Interval 8 (16, 17, 11) has the highest weight (11) among the available options, doesn't overlap with any currently selected intervals (the latest selected interval ends at time 9), and selecting it maximizes our total weight gain.",compliant,SELECT 8,parsed_clean,"Interval 8 (16, 17, 11) has the highest weight (11) among the available options, doesn't overlap with any currently selected intervals (the latest selected interval ends at time 9), and selecting it maximizes our total weight gain.",local_greedy,True,
WIS_003,anthropic/claude-3.7-sonnet,wis,adversarial,5,False,0,"{""selected"": [0, 1, 3, 4, 8], ""ruled_out"": []}","{""selected"": [0, 1, 3, 4, 8], ""ruled_out"": []}","I'll analyze this weighted interval scheduling problem to make my next decision.

Decision: SELECT 12
Reason: Interval 12 (24, 25, 9) has the highest weight among the available intervals that don't overlap with any of the already selected intervals [0(0,1,15), 1(2,3,6), 3(6,7,8), 4(8,9,13), 8(16,17,11)].",compliant,SELECT 12,parsed_clean,"Interval 12 (24, 25, 9) has the highest weight among the available intervals that don't overlap with any of the already selected intervals [0(0,1,15), 1(2,3,6), 3(6,7,8), 4(8,9,13), 8(16,17,11)].",local_greedy,True,
WIS_003,anthropic/claude-3.7-sonnet,wis,adversarial,6,False,0,"{""selected"": [0, 1, 3, 4, 8, 12], ""ruled_out"": []}","{""selected"": [0, 1, 3, 4, 8, 12], ""ruled_out"": []}","Let me analyze the intervals and the current selected set to make the next decision.

Decision: SELECT 13
Reason: Interval 13 (26, 27, 8) does not overlap with any of the currently selected intervals [0, 1, 3, 4, 8, 12], as the latest selected interval 12 ends at time 25, and interval 13 starts at time 26, making it a safe and beneficial addition with its weight of 8.",compliant,SELECT 13,parsed_clean,"Interval 13 (26, 27, 8) does not overlap with any of the currently selected intervals [0, 1, 3, 4, 8, 12], as the latest selected interval 12 ends at time 25, and interval 13 starts at time 26, making it a safe and beneficial addition with its weight of 8.",unclear,True,False
WIS_004,anthropic/claude-3.7-sonnet,wis,adversarial,0,False,1,"{""selected"": [], ""ruled_out"": []}","{""selected"": [], ""ruled_out"": []}","SELECT 3
Reason: Interval 3 has the highest value among available intervals (value 8), so selecting it maximizes our potential total weight.",format_ignored,SELECT 3,parsed_with_normalization,"Interval 3 has the highest value among available intervals (value 8), so selecting it maximizes our potential total weight.",unclear,False,
WIS_004,anthropic/claude-3.7-sonnet,wis,adversarial,1,True,1,"{""selected"": [3], ""ruled_out"": []}","{""selected"": [3], ""ruled_out"": [0]}","SELECT 3
Reason: I'll select interval 3 (with time [6, 7] and weight 8) because it has the highest weight among all available intervals, making it a good starting point for maximizing total weight.",format_ignored,SELECT 3,parsed_with_normalization,"I'll select interval 3 (with time [6, 7] and weight 8) because it has the highest weight among all available intervals, making it a good starting point for maximizing total weight.",local_greedy,True,
WIS_004,anthropic/claude-3.7-sonnet,wis,adversarial,2,False,1,"{""selected"": [3], ""ruled_out"": []}","{""selected"": [3], ""ruled_out"": []}","Decision: SELECT 4
Reason: Interval 4 (with weight 7) doesn't overlap with interval 3 (which ends at time 7, and interval 4 starts at time 8), and among the available intervals that don't overlap with selected ones, it has the highest weight.",compliant,SELECT 4,parsed_clean,"Interval 4 (with weight 7) doesn't overlap with interval 3 (which ends at time 7, and interval 4 starts at time 8), and among the available intervals that don't overlap with selected ones, it has the highest weight.",local_greedy,True,
WIS_004,anthropic/claude-3.7-sonnet,wis,adversarial,3,False,1,"{""selected"": [3, 4], ""ruled_out"": []}","{""selected"": [3, 4], ""ruled_out"": []}","SELECT 9
Reason: Interval 9 (18-19) has a weight of 5, doesn't overlap with any of the already selected intervals (6-7 and 8-9), and selecting it maximizes our current weight while leaving options for selecting additional intervals later.",format_ignored,SELECT 9,parsed_with_normalization,"Interval 9 (18-19) has a weight of 5, doesn't overlap with any of the already selected intervals (6-7 and 8-9), and selecting it maximizes our current weight while leaving options for selecting additional intervals later.",unclear,True,
WIS_004,anthropic/claude-3.7-sonnet,wis,adversarial,4,False,1,"{""selected"": [3, 4, 9], ""ruled_out"": []}","{""selected"": [3, 4, 9], ""ruled_out"": []}","SELECT 13

Reason: Interval 13 (26, 27, 6) has the highest weight (6) among available intervals and doesn't overlap with any already selected intervals (3, 4, 9 which end at times 7, 9, and 19 respectively).",format_ignored,SELECT 13,parsed_with_normalization,"Interval 13 (26, 27, 6) has the highest weight (6) among available intervals and doesn't overlap with any already selected intervals (3, 4, 9 which end at times 7, 9, and 19 respectively).",local_greedy,True,
WIS_004,anthropic/claude-3.7-sonnet,wis,adversarial,5,False,1,"{""selected"": [3, 4, 9, 13], ""ruled_out"": []}","{""selected"": [3, 4, 9, 13], ""ruled_out"": []}","SELECT 6

Reason: Interval 6 (12, 13, weight 5) has a high weight and doesn't overlap with any of the already selected intervals [3, 4, 9, 13], making it a good choice to maximize total weight.",format_ignored,SELECT 6,parsed_with_normalization,"Interval 6 (12, 13, weight 5) has a high weight and doesn't overlap with any of the already selected intervals [3, 4, 9, 13], making it a good choice to maximize total weight.",unclear,True,
WIS_004,anthropic/claude-3.7-sonnet,wis,adversarial,6,False,1,"{""selected"": [3, 4, 9, 13, 6], ""ruled_out"": []}","{""selected"": [3, 4, 9, 13, 6], ""ruled_out"": []}","SELECT 12
Reason: Interval 12 (24, 25, 5) has a high weight of 5 and doesn't overlap with any of the already selected intervals [3, 4, 9, 13, 6], making it a good choice to maximize total weight.",format_ignored,SELECT 12,parsed_with_normalization,"Interval 12 (24, 25, 5) has a high weight of 5 and doesn't overlap with any of the already selected intervals [3, 4, 9, 13, 6], making it a good choice to maximize total weight.",unclear,True,False
CC_01,openai/gpt-4o,coin_change,adversarial,0,True,0,"{""coins"": [4], ""remaining"": 6}","{""coins"": [4], ""remaining"": 3}","Decision: 4  
Reason: Choosing 4 leaves a remainder of 2, which can be achieved using one additional coin of denomination 1, minimizing the total number of coins needed to reach the target.",compliant,4,parsed_clean,"Choosing 4 leaves a remainder of 2, which can be achieved using one additional coin of denomination 1, minimizing the total number of coins needed to reach the target.",forward_simulation,True,
CC_01,openai/gpt-4o,coin_change,adversarial,1,False,0,"{""coins"": [4, 1], ""remaining"": 2}","{""coins"": [4, 1], ""remaining"": 2}","Decision: 1  
Reason: Choosing 1 allows us to get closer to the remaining target of 2 while ensuring that we can exactly reach the target with another 1.",compliant,1,parsed_clean,Choosing 1 allows us to get closer to the remaining target of 2 while ensuring that we can exactly reach the target with another 1.,unclear,True,False
CC_02,openai/gpt-4o,coin_change,adversarial,0,True,0,"{""coins"": [6], ""remaining"": 11}","{""coins"": [6], ""remaining"": 6}","Decision: 6  
Reason: Choosing the largest denomination that is less than or equal to the remaining target (11) helps to reduce the remaining amount more quickly, leaving 5, which can efficiently be covered by available denominations.",compliant,6,parsed_clean,"Choosing the largest denomination that is less than or equal to the remaining target (11) helps to reduce the remaining amount more quickly, leaving 5, which can efficiently be covered by available denominations.",local_greedy,True,
CC_02,openai/gpt-4o,coin_change,adversarial,1,False,0,"{""coins"": [6, 5], ""remaining"": 5}","{""coins"": [6, 5], ""remaining"": 5}","Denomination value: 5  
Reason: Choosing the 5 denomination will fulfill the remaining target of 5 exactly, achieving the goal of reaching a total of 11 with the least number of coins.",format_ignored,5,parsed_with_normalization,"Choosing the 5 denomination will fulfill the remaining target of 5 exactly, achieving the goal of reaching a total of 11 with the least number of coins.",unclear,True,True
CC_03,openai/gpt-4o,coin_change,adversarial,0,True,0,"{""coins"": [7], ""remaining"": 13}","{""coins"": [7], ""remaining"": 7}","Decision: 7  
Reason: Choosing the largest possible coin (7) that is less than or equal to the remaining target (13) helps reduce the target amount more quickly, leaving 6, which is a denomination that can be used in another step to reach exactly 13.",compliant,7,parsed_clean,"Choosing the largest possible coin (7) that is less than or equal to the remaining target (13) helps reduce the target amount more quickly, leaving 6, which is a denomination that can be used in another step to reach exactly 13.",local_greedy,True,
CC_03,openai/gpt-4o,coin_change,adversarial,1,False,0,"{""coins"": [7, 6], ""remaining"": 6}","{""coins"": [7, 6], ""remaining"": 6}","Denomination: 6  
Reason: Choosing 6 will exactly match the remaining target amount of 6, achieving the goal sum of 13 with minimal additional coins.",format_ignored,6,parsed_with_normalization,"Choosing 6 will exactly match the remaining target amount of 6, achieving the goal sum of 13 with minimal additional coins.",unclear,True,True
CC_04,openai/gpt-4o,coin_change,adversarial,0,True,0,"{""coins"": [23], ""remaining"": 27}","{""coins"": [23], ""remaining"": 5}","Decision: 23  
Reason: Choosing the largest possible denomination that does not exceed the remaining target reduces the target effectively, helping us reach the target with fewer coins overall.",compliant,23,parsed_clean,"Choosing the largest possible denomination that does not exceed the remaining target reduces the target effectively, helping us reach the target with fewer coins overall.",local_greedy,True,
CC_04,openai/gpt-4o,coin_change,adversarial,1,False,0,"{""coins"": [23, 1], ""remaining"": 4}","{""coins"": [23, 1], ""remaining"": 4}","Decision: 1  
Reason: Choosing the denomination 1 will bring the remaining amount closer to zero, leaving exactly 3 to be reached with the available denominations.",compliant,1,parsed_clean,"Choosing the denomination 1 will bring the remaining amount closer to zero, leaving exactly 3 to be reached with the available denominations.",unclear,True,False
CC_05,openai/gpt-4o,coin_change,adversarial,0,True,0,"{""coins"": [11], ""remaining"": 14}","{""coins"": [11], ""remaining"": 4}","Decision: 11  
Reason: Choosing the largest denomination possible that does not exceed the target (14) reduces the remaining amount most effectively, leaving 3 to be made with smaller denominations.",compliant,11,parsed_clean,"Choosing the largest denomination possible that does not exceed the target (14) reduces the remaining amount most effectively, leaving 3 to be made with smaller denominations.",local_greedy,True,
CC_05,openai/gpt-4o,coin_change,adversarial,1,False,0,"{""coins"": [11, 1], ""remaining"": 3}","{""coins"": [11, 1], ""remaining"": 3}","Denomination: 1

Reason: Choosing 1 will bring the remaining target down to 2, which can be effectively addressed by two more coins of denomination 1, potentially leading to a solution.",format_ignored,1,parsed_with_normalization,"Choosing 1 will bring the remaining target down to 2, which can be effectively addressed by two more coins of denomination 1, potentially leading to a solution.",unclear,True,False
CC_06,openai/gpt-4o,coin_change,adversarial,0,True,0,"{""coins"": [15], ""remaining"": 26}","{""coins"": [15], ""remaining"": 12}","Decision: 15  
Reason: Choosing the largest denomination that does not exceed the remaining target will minimize the number of coins needed, efficiently moving us towards the goal of 26.",compliant,15,parsed_clean,"Choosing the largest denomination that does not exceed the remaining target will minimize the number of coins needed, efficiently moving us towards the goal of 26.",local_greedy,True,
CC_06,openai/gpt-4o,coin_change,adversarial,1,False,0,"{""coins"": [15, 8], ""remaining"": 11}","{""coins"": [15, 8], ""remaining"": 11}","Decision: 8  
Reason: Choosing 8 reduces the remaining amount to 3, which can then be easily covered by a coin of denomination 1, achieving the target exactly with the least number of coins.",compliant,8,parsed_clean,"Choosing 8 reduces the remaining amount to 3, which can then be easily covered by a coin of denomination 1, achieving the target exactly with the least number of coins.",unclear,True,
CC_06,openai/gpt-4o,coin_change,adversarial,2,False,0,"{""coins"": [15, 8, 1], ""remaining"": 3}","{""coins"": [15, 8, 1], ""remaining"": 3}","1  
Reason: Choosing the coin with denomination 1 allows us to exactly reach the remaining target of 3, given the coins chosen so far (15 + 8 + 1 + 1 + 1 = 26).",format_ignored,1,parsed_with_normalization,"Choosing the coin with denomination 1 allows us to exactly reach the remaining target of 3, given the coins chosen so far (15 + 8 + 1 + 1 + 1 = 26).",unclear,True,False
CC_07,openai/gpt-4o,coin_change,adversarial,0,True,0,"{""coins"": [9], ""remaining"": 12}","{""coins"": [9], ""remaining"": 4}","Decision: 9  
Reason: Choosing the largest denomination less than or equal to the remaining value (12) reduces the remaining amount most significantly, leaving us with 3 to reach the target efficiently.",compliant,9,parsed_clean,"Choosing the largest denomination less than or equal to the remaining value (12) reduces the remaining amount most significantly, leaving us with 3 to reach the target efficiently.",local_greedy,True,
CC_07,openai/gpt-4o,coin_change,adversarial,1,False,0,"{""coins"": [9, 1], ""remaining"": 3}","{""coins"": [9, 1], ""remaining"": 3}","Decision: 1  
Reason: Choosing 1 allows us to incrementally approach the target value without overshooting it, and will leave us needing 2 more, which is achievable with the denominations available.",compliant,1,parsed_clean,"Choosing 1 allows us to incrementally approach the target value without overshooting it, and will leave us needing 2 more, which is achievable with the denominations available.",unclear,True,False
CC_08,openai/gpt-4o,coin_change,adversarial,0,True,0,"{""coins"": [15], ""remaining"": 30}","{""coins"": [15], ""remaining"": 16}","Decision: 15  
Reason: Choosing 15 reduces the remaining target significantly, and it's a strategic choice that allows reaching 30 using another 15, which is another available denomination.",compliant,15,parsed_clean,"Choosing 15 reduces the remaining target significantly, and it's a strategic choice that allows reaching 30 using another 15, which is another available denomination.",unclear,True,
CC_08,openai/gpt-4o,coin_change,adversarial,1,False,0,"{""coins"": [15, 15], ""remaining"": 15}","{""coins"": [15, 15], ""remaining"": 15}","Decision: 15  
Reason: Choosing 15 again reaches the target exactly without exceeding it, using the fewest additional coins possible.",compliant,15,parsed_clean,"Choosing 15 again reaches the target exactly without exceeding it, using the fewest additional coins possible.",unclear,True,True
CC_09,openai/gpt-4o,coin_change,adversarial,0,False,2,"{""coins"": [197], ""remaining"": 423}","{""coins"": [197], ""remaining"": 423}","Decision: 197  
Reason: Choosing the largest denomination that does not exceed the remaining target (423) reduces the target quickly and minimizes the number of coins needed.",compliant,197,parsed_clean,Choosing the largest denomination that does not exceed the remaining target (423) reduces the target quickly and minimizes the number of coins needed.,local_greedy,False,
CC_09,openai/gpt-4o,coin_change,adversarial,1,False,2,"{""coins"": [197, 197], ""remaining"": 226}","{""coins"": [197, 197], ""remaining"": 226}","Denomination: 197  
Reason: Choosing 197 again reduces the remaining target significantly from 226 to 29, getting closer to zero with fewer coins.",format_ignored,197,parsed_with_normalization,"Choosing 197 again reduces the remaining target significantly from 226 to 29, getting closer to zero with fewer coins.",unclear,False,
CC_09,openai/gpt-4o,coin_change,adversarial,2,True,2,"{""coins"": [197, 197], ""remaining"": 29}","{""coins"": [197, 197], ""remaining"": 30}","Decision: 197  
Reason: Choosing the largest denomination possible, 197, is strategic as it significantly reduces the target of 423, bringing it down to 226, which helps reach the target more efficiently with fewer coins.",compliant,197,parsed_clean,"Choosing the largest denomination possible, 197, is strategic as it significantly reduces the target of 423, bringing it down to 226, which helps reach the target more efficiently with fewer coins.",local_greedy,True,
CC_09,openai/gpt-4o,coin_change,adversarial,3,False,2,"{""coins"": [197, 197, 11], ""remaining"": 29}","{""coins"": [197, 197, 11], ""remaining"": 29}","Denomination: 11  
Reason: Choosing 11 reduces the remaining amount to 18 and the closest to a solution using available denominations, allowing further potential combinations to reach the target.",format_ignored,11,parsed_with_normalization,"Choosing 11 reduces the remaining amount to 18 and the closest to a solution using available denominations, allowing further potential combinations to reach the target.",local_greedy,True,
CC_09,openai/gpt-4o,coin_change,adversarial,4,False,2,"{""coins"": [197, 197, 11, 7], ""remaining"": 18}","{""coins"": [197, 197, 11, 7], ""remaining"": 18}","7

Reason: Choosing 7 reduces the remaining amount to 11, which can be exactly matched using the denomination 11, allowing us to reach the target efficiently.",format_ignored,7,parsed_with_normalization,"Choosing 7 reduces the remaining amount to 11, which can be exactly matched using the denomination 11, allowing us to reach the target efficiently.",unclear,True,False
CC_10,openai/gpt-4o,coin_change,adversarial,0,False,3,"{""coins"": [197], ""remaining"": 965}","{""coins"": [197], ""remaining"": 965}","197

Reason: Choosing the largest denomination possible (197) that is less than or equal to the remaining target (965) maximizes progress towards reaching the target efficiently.",format_ignored,197,parsed_with_normalization,Choosing the largest denomination possible (197) that is less than or equal to the remaining target (965) maximizes progress towards reaching the target efficiently.,local_greedy,False,
CC_10,openai/gpt-4o,coin_change,adversarial,1,False,3,"{""coins"": [197, 197], ""remaining"": 768}","{""coins"": [197, 197], ""remaining"": 768}","Denomination: 197  
Reason: Choosing 197 again is optimal because it is the largest denomination that fits into the remaining target (768) multiple times, allowing us to reduce the target effectively.",format_ignored,197,parsed_with_normalization,"Choosing 197 again is optimal because it is the largest denomination that fits into the remaining target (768) multiple times, allowing us to reduce the target effectively.",local_greedy,False,
CC_10,openai/gpt-4o,coin_change,adversarial,2,False,3,"{""coins"": [197, 197, 197], ""remaining"": 571}","{""coins"": [197, 197, 197], ""remaining"": 571}","197

Reason: Choosing 197 again will further reduce the remaining amount significantly while still allowing flexibility with the other denominations for potential combinations later.",format_ignored,197,parsed_with_normalization,Choosing 197 again will further reduce the remaining amount significantly while still allowing flexibility with the other denominations for potential combinations later.,unclear,False,
CC_10,openai/gpt-4o,coin_change,adversarial,3,True,3,"{""coins"": [197, 197, 197, 197], ""remaining"": 374}","{""coins"": [197, 197, 197, 197], ""remaining"": 178}","Denomination: 197  
Reason: Choosing 197 reduces the target significantly and allows for more flexibility in subsequent choices with smaller remaining amounts.",format_ignored,197,parsed_with_normalization,Choosing 197 reduces the target significantly and allows for more flexibility in subsequent choices with smaller remaining amounts.,unclear,True,
CC_10,openai/gpt-4o,coin_change,adversarial,4,False,3,"{""coins"": [197, 197, 197, 197, 67], ""remaining"": 177}","{""coins"": [197, 197, 197, 197, 67], ""remaining"": 177}","Decision: 67  
Reason: Choosing the largest denomination (67) that does not exceed the remaining target (177) helps to reduce the remaining amount more efficiently, aiming to use as few coins as possible.",compliant,67,parsed_clean,"Choosing the largest denomination (67) that does not exceed the remaining target (177) helps to reduce the remaining amount more efficiently, aiming to use as few coins as possible.",local_greedy,True,
CC_10,openai/gpt-4o,coin_change,adversarial,5,False,3,"{""coins"": [197, 197, 197, 197, 67, 67], ""remaining"": 110}","{""coins"": [197, 197, 197, 197, 67, 67], ""remaining"": 110}","Denomination: 67  
Reason: Choosing 67 reduces the remaining amount to 43, making it possible to reach closer to the target using smaller denominations like 31 or 11 in subsequent steps.",format_ignored,67,parsed_with_normalization,"Choosing 67 reduces the remaining amount to 43, making it possible to reach closer to the target using smaller denominations like 31 or 11 in subsequent steps.",unclear,True,
CC_10,openai/gpt-4o,coin_change,adversarial,6,False,3,"{""coins"": [197, 197, 197, 197, 67, 67, 11], ""remaining"": 43}","{""coins"": [197, 197, 197, 197, 67, 67, 11], ""remaining"": 43}","11

Reason: Choosing 11 reduces the remaining amount (43) to 32, bringing it closer to a multiple of available larger denominations (such as 31), which simplifies the process of further minimizing the number of coins needed.",format_ignored,11,parsed_with_normalization,"Choosing 11 reduces the remaining amount (43) to 32, bringing it closer to a multiple of available larger denominations (such as 31), which simplifies the process of further minimizing the number of coins needed.",unclear,True,False
SP_003,openai/gpt-4o,shortest_path,adversarial,0,False,1,"{""cur"": 11, ""path"": [11, 18], ""cost"": 0}","{""cur"": 11, ""path"": [11, 18], ""cost"": 0}","Decision: 18  
Reason: Moving to node 18 offers the shortest edge weight of 3, potentially allowing for faster progression towards the target node 9.",compliant,18,parsed_clean,"Moving to node 18 offers the shortest edge weight of 3, potentially allowing for faster progression towards the target node 9.",unclear,False,
SP_003,openai/gpt-4o,shortest_path,adversarial,1,True,1,"{""cur"": 18, ""path"": [11, 18, 19], ""cost"": 3}","{""cur"": 19, ""path"": [11, 18, 19], ""cost"": 7}","Decision: 19  
Reason: Node 19 offers a direct and quick path (weight 3) from node 18, getting closer to the target node 9 potentially through less congested paths.",compliant,19,parsed_clean,"Node 19 offers a direct and quick path (weight 3) from node 18, getting closer to the target node 9 potentially through less congested paths.",unclear,True,
SP_003,openai/gpt-4o,shortest_path,adversarial,2,False,1,"{""cur"": 19, ""path"": [11, 18, 19, 1], ""cost"": 6}","{""cur"": 19, ""path"": [11, 18, 19, 1], ""cost"": 6}","Decision: 1  
Reason: Moving to node 1 is optimal because it has the lowest edge weight of 4, minimizing cost and maintaining flexibility for future moves towards the target node 9.",compliant,1,parsed_clean,"Moving to node 1 is optimal because it has the lowest edge weight of 4, minimizing cost and maintaining flexibility for future moves towards the target node 9.",forward_simulation,True,
SP_003,openai/gpt-4o,shortest_path,adversarial,3,False,1,"{""cur"": 1, ""path"": [11, 18, 19, 1, 16], ""cost"": 10}","{""cur"": 1, ""path"": [11, 18, 19, 1, 16], ""cost"": 10}","Decision: 16

Reason: This node has the smallest edge weight (5) among the unvisited neighbors of the current node (1), which helps in minimizing the overall path cost and progressing towards the target node 9.",compliant,16,parsed_clean,"This node has the smallest edge weight (5) among the unvisited neighbors of the current node (1), which helps in minimizing the overall path cost and progressing towards the target node 9.",local_greedy,True,
SP_003,openai/gpt-4o,shortest_path,adversarial,4,False,1,"{""cur"": 16, ""path"": [11, 18, 19, 1, 16, 17], ""cost"": 15}","{""cur"": 16, ""path"": [11, 18, 19, 1, 16, 17], ""cost"": 15}","Decision: 17  
Reason: Moving to node 17 maintains a relatively low additional cost and provides several future options to progress towards the target node 9.",compliant,17,parsed_clean,Moving to node 17 maintains a relatively low additional cost and provides several future options to progress towards the target node 9.,forward_simulation,True,False
SP_004,openai/gpt-4o,shortest_path,adversarial,0,True,0,"{""cur"": 0, ""path"": [0, 1], ""cost"": 0}","{""cur"": 1, ""path"": [0, 1], ""cost"": 3}","Decision: 1  
Reason: Choosing node 1 minimizes the current increase in path cost by 2, allowing the exploration of a potentially shorter path to the target node 9 via node 5, as node 1 has a direct edge to node 5 with weight 3.",compliant,1,parsed_clean,"Choosing node 1 minimizes the current increase in path cost by 2, allowing the exploration of a potentially shorter path to the target node 9 via node 5, as node 1 has a direct edge to node 5 with weight 3.",unclear,True,
SP_004,openai/gpt-4o,shortest_path,adversarial,1,False,0,"{""cur"": 1, ""path"": [0, 1, 5], ""cost"": 2}","{""cur"": 1, ""path"": [0, 1, 5], ""cost"": 2}","Decision: 5

Reason: Moving to node 5 minimizes the cost (additional 3 units) while progressing directly towards the target node 9, potentially leading to a lower overall path cost compared to other options.",compliant,5,parsed_clean,"Moving to node 5 minimizes the cost (additional 3 units) while progressing directly towards the target node 9, potentially leading to a lower overall path cost compared to other options.",unclear,True,
SP_004,openai/gpt-4o,shortest_path,adversarial,2,False,0,"{""cur"": 5, ""path"": [0, 1, 5, 9], ""cost"": 5}","{""cur"": 5, ""path"": [0, 1, 5, 9], ""cost"": 5}","Decision: 9  
Reason: Moving directly to node 9 with a weight of 3 minimizes the total path cost from the current position (5) to the target node (9), which concludes the path efficiently.",compliant,9,parsed_clean,"Moving directly to node 9 with a weight of 3 minimizes the total path cost from the current position (5) to the target node (9), which concludes the path efficiently.",unclear,True,
SP_004,openai/gpt-4o,shortest_path,adversarial,3,False,0,"{""cur"": 9, ""path"": [0, 1, 5, 9], ""cost"": 8}","{""cur"": 9, ""path"": [0, 1, 5, 9], ""cost"": 8}","Decision: 9  
Reason: The current node is already the target node (9), so no further movement is necessary.",compliant,9,parsed_clean,"The current node is already the target node (9), so no further movement is necessary.",unclear,True,
SP_004,openai/gpt-4o,shortest_path,adversarial,4,False,0,"{""cur"": 9, ""path"": [0, 1, 5, 9], ""cost"": 8}","{""cur"": 9, ""path"": [0, 1, 5, 9], ""cost"": 8}","Decision: []

Reason: Since there are no unvisited neighbors from the current node 9 and we have reached the target node, no further moves are necessary.",compliant,,parsed_clean,"Since there are no unvisited neighbors from the current node 9 and we have reached the target node, no further moves are necessary.",unclear,True,True
SP_005,openai/gpt-4o,shortest_path,adversarial,0,False,1,"{""cur"": 0, ""path"": [0, 4], ""cost"": 0}","{""cur"": 0, ""path"": [0, 4], ""cost"": 0}","Decision: 4  
Reason: Choosing node 4 as the next move offers a relatively low edge weight while providing multiple future paths with reasonable costs, thus optimizing for a potential lower overall path cost to reach node 15.",compliant,4,parsed_clean,"Choosing node 4 as the next move offers a relatively low edge weight while providing multiple future paths with reasonable costs, thus optimizing for a potential lower overall path cost to reach node 15.",forward_simulation,False,
SP_005,openai/gpt-4o,shortest_path,adversarial,1,True,1,"{""cur"": 4, ""path"": [0, 4], ""cost"": 7}","{""cur"": 4, ""path"": [0, 4], ""cost"": 8}","Decision: 4

Reason: The path already includes node 4, so we'll select it as the next step, keeping the existing path in mind without expanding it further.",compliant,4,parsed_clean,"The path already includes node 4, so we'll select it as the next step, keeping the existing path in mind without expanding it further.",forward_simulation,True,
SP_005,openai/gpt-4o,shortest_path,adversarial,2,False,1,"{""cur"": 4, ""path"": [0, 4, 5], ""cost"": 7}","{""cur"": 4, ""path"": [0, 4, 5], ""cost"": 7}","Decision: 5

Reason: Moving to node 5 provides a lower cost movement (4) compared to moving to node 9 (7), resulting in a lower cumulative cost so far, and it strategically connects us to multiple subsequent low-cost paths towards the target node 15.",compliant,5,parsed_clean,"Moving to node 5 provides a lower cost movement (4) compared to moving to node 9 (7), resulting in a lower cumulative cost so far, and it strategically connects us to multiple subsequent low-cost paths towards the target node 15.",unclear,True,
SP_005,openai/gpt-4o,shortest_path,adversarial,3,False,1,"{""cur"": 5, ""path"": [0, 4, 5, 6], ""cost"": 11}","{""cur"": 5, ""path"": [0, 4, 5, 6], ""cost"": 11}","Decision: 6  
Reason: Moving to node 6 has a lower edge weight (3) compared to moving to node 10 (8), which helps in minimizing the current cost for reaching the target node 15.",compliant,6,parsed_clean,"Moving to node 6 has a lower edge weight (3) compared to moving to node 10 (8), which helps in minimizing the current cost for reaching the target node 15.",unclear,True,
SP_005,openai/gpt-4o,shortest_path,adversarial,4,False,1,"{""cur"": 6, ""path"": [0, 4, 5, 6, 10], ""cost"": 14}","{""cur"": 6, ""path"": [0, 4, 5, 6, 10], ""cost"": 14}","Decision: 10  
Reason: Moving to node 10 has a lesser weight (6) compared to moving to node 8 (4 + 5 to node 10), which keeps the total cost lower while moving towards the target node 15 efficiently.",compliant,10,parsed_clean,"Moving to node 10 has a lesser weight (6) compared to moving to node 8 (4 + 5 to node 10), which keeps the total cost lower while moving towards the target node 15 efficiently.",unclear,True,False
WIS_003,openai/gpt-4o,wis,adversarial,0,True,0,"{""selected"": [], ""ruled_out"": []}","{""selected"": [0], ""ruled_out"": [1]}","Decision: SELECT 0  
Reason: Interval 0 has the highest weight (15) among all available intervals and does not overlap with any other intervals, making it an optimal starting choice.",compliant,SELECT 0,parsed_clean,"Interval 0 has the highest weight (15) among all available intervals and does not overlap with any other intervals, making it an optimal starting choice.",local_greedy,True,
WIS_003,openai/gpt-4o,wis,adversarial,1,False,0,"{""selected"": [0], ""ruled_out"": []}","{""selected"": [0], ""ruled_out"": []}","Decision: SELECT 4  
Reason: Interval 4 does not overlap with the previously selected interval 0, and has the highest weight among the available intervals that can be chosen next, maximizing the total weight.",compliant,SELECT 4,parsed_clean,"Interval 4 does not overlap with the previously selected interval 0, and has the highest weight among the available intervals that can be chosen next, maximizing the total weight.",local_greedy,True,
WIS_003,openai/gpt-4o,wis,adversarial,2,False,0,"{""selected"": [0, 4], ""ruled_out"": []}","{""selected"": [0, 4], ""ruled_out"": []}","Decision: SELECT 8  
Reason: Interval 8 does not overlap with any of the already selected intervals ([0, 4]), and it offers the highest weight (11) among the available options, maximizing the total weight.",compliant,SELECT 8,parsed_clean,"Interval 8 does not overlap with any of the already selected intervals ([0, 4]), and it offers the highest weight (11) among the available options, maximizing the total weight.",local_greedy,True,
WIS_003,openai/gpt-4o,wis,adversarial,3,False,0,"{""selected"": [0, 4, 8], ""ruled_out"": []}","{""selected"": [0, 4, 8], ""ruled_out"": []}","SELECT 12

Reason: Interval 12 (24, 25, 9) does not overlap with any of the selected intervals (0, 4, 8) and has a relatively high weight, making it a valuable addition to the schedule.",format_ignored,SELECT 12,parsed_with_normalization,"Interval 12 (24, 25, 9) does not overlap with any of the selected intervals (0, 4, 8) and has a relatively high weight, making it a valuable addition to the schedule.",unclear,True,
WIS_003,openai/gpt-4o,wis,adversarial,4,False,0,"{""selected"": [0, 4, 8, 12], ""ruled_out"": []}","{""selected"": [0, 4, 8, 12], ""ruled_out"": []}","SELECT 13

Reason: Selecting interval 13 does not overlap with any of the current selected intervals or previously ruled out intervals, and it maximizes the total weight by adding an additional 8 to the total.",format_ignored,SELECT 13,parsed_with_normalization,"Selecting interval 13 does not overlap with any of the current selected intervals or previously ruled out intervals, and it maximizes the total weight by adding an additional 8 to the total.",unclear,True,
WIS_003,openai/gpt-4o,wis,adversarial,5,False,0,"{""selected"": [0, 4, 8, 12, 13], ""ruled_out"": []}","{""selected"": [0, 4, 8, 12, 13], ""ruled_out"": []}","SELECT 1

Reason: Interval 1 (2, 3, 6) does not overlap with any of the selected intervals [0, 4, 8, 12, 13], and adds a weight of 6 to the total, enhancing the total weight without causing any conflicts.",format_ignored,SELECT 1,parsed_with_normalization,"Interval 1 (2, 3, 6) does not overlap with any of the selected intervals [0, 4, 8, 12, 13], and adds a weight of 6 to the total, enhancing the total weight without causing any conflicts.",unclear,True,
WIS_003,openai/gpt-4o,wis,adversarial,6,False,0,"{""selected"": [0, 4, 8, 12, 13, 1], ""ruled_out"": []}","{""selected"": [0, 4, 8, 12, 13, 1], ""ruled_out"": []}","SELECT 11 

Selecting interval 11 adds a weight of 7 to the total without overlapping with any of the already selected intervals or creating any further constraints for future selections.",format_ignored,SELECT 11,parsed_with_normalization,,unclear,True,False
WIS_004,openai/gpt-4o,wis,adversarial,0,False,1,"{""selected"": [], ""ruled_out"": []}","{""selected"": [], ""ruled_out"": []}","SELECT 0

Reason: Interval 0 is the earliest interval, has the highest weight among those starting at time 0, and selecting it does not overlap with any other intervals yet.",format_ignored,SELECT 0,parsed_with_normalization,"Interval 0 is the earliest interval, has the highest weight among those starting at time 0, and selecting it does not overlap with any other intervals yet.",local_greedy,False,
WIS_004,openai/gpt-4o,wis,adversarial,1,True,1,"{""selected"": [0], ""ruled_out"": []}","{""selected"": [0], ""ruled_out"": [1]}","SELECT 0

Reason: Interval 0 does not overlap with any other interval since it starts and ends at time 0, making it compatible with any subset of chosen intervals, and it contributes positively to the total weight.",format_ignored,SELECT 0,parsed_with_normalization,"Interval 0 does not overlap with any other interval since it starts and ends at time 0, making it compatible with any subset of chosen intervals, and it contributes positively to the total weight.",unclear,True,
WIS_004,openai/gpt-4o,wis,adversarial,2,False,1,"{""selected"": [0], ""ruled_out"": []}","{""selected"": [0], ""ruled_out"": []}","Decision: SELECT 3  
Reason: Interval 3 has the highest weight (8) among the available intervals that do not overlap with the currently selected interval 0, maximizing the total weight.",compliant,SELECT 3,parsed_clean,"Interval 3 has the highest weight (8) among the available intervals that do not overlap with the currently selected interval 0, maximizing the total weight.",local_greedy,True,
WIS_004,openai/gpt-4o,wis,adversarial,3,False,1,"{""selected"": [0, 3], ""ruled_out"": []}","{""selected"": [0, 3], ""ruled_out"": []}","SELECT 6

Reason: Interval 6 (12, 13, 5) does not overlap with the already selected intervals [0, 3], and it has a weight of 5, which adds to the total weight effectively.",format_ignored,SELECT 6,parsed_with_normalization,"Interval 6 (12, 13, 5) does not overlap with the already selected intervals [0, 3], and it has a weight of 5, which adds to the total weight effectively.",unclear,True,
WIS_004,openai/gpt-4o,wis,adversarial,4,False,1,"{""selected"": [0, 3, 6], ""ruled_out"": []}","{""selected"": [0, 3, 6], ""ruled_out"": []}","Decision: SELECT 9  
Reason: Interval 9 does not overlap with any currently selected intervals [0, 3, 6] and has a high weight of 5, which can increase the total weight efficiently.",compliant,SELECT 9,parsed_clean,"Interval 9 does not overlap with any currently selected intervals [0, 3, 6] and has a high weight of 5, which can increase the total weight efficiently.",unclear,True,
WIS_004,openai/gpt-4o,wis,adversarial,5,False,1,"{""selected"": [0, 3, 6, 9], ""ruled_out"": []}","{""selected"": [0, 3, 6, 9], ""ruled_out"": []}","Decision: SELECT 13  
Reason: Interval 13 has the highest weight (6) among the available intervals and does not overlap with any of the already selected intervals, thus increasing the total weight optimally without any conflicts.",compliant,SELECT 13,parsed_clean,"Interval 13 has the highest weight (6) among the available intervals and does not overlap with any of the already selected intervals, thus increasing the total weight optimally without any conflicts.",local_greedy,True,
WIS_004,openai/gpt-4o,wis,adversarial,6,False,1,"{""selected"": [0, 3, 6, 9, 13], ""ruled_out"": []}","{""selected"": [0, 3, 6, 9, 13], ""ruled_out"": []}","SELECT 12

Reason: Interval 12 does not overlap with any of the selected intervals, and it has a higher weight than many of the available intervals, which increases the total weight efficiently.",format_ignored,SELECT 12,parsed_with_normalization,"Interval 12 does not overlap with any of the selected intervals, and it has a higher weight than many of the available intervals, which increases the total weight efficiently.",unclear,True,False
CC_01,meta-llama/llama-3.1-8b-instruct,coin_change,adversarial,0,True,0,"{""coins"": [4], ""remaining"": 6}","{""coins"": [4], ""remaining"": 3}","Decision: 4
Reason: The largest denomination, 7, exceeds the target remaining, 6, but 4 is less than 6, so it's a pragmatic starting choice.",compliant,4,parsed_clean,"The largest denomination, 7, exceeds the target remaining, 6, but 4 is less than 6, so it's a pragmatic starting choice.",local_greedy,True,
CC_01,meta-llama/llama-3.1-8b-instruct,coin_change,adversarial,1,False,0,"{""coins"": [4], ""remaining"": 2}","{""coins"": [4], ""remaining"": 2}","3
I chose 3 because it's the largest denomination that fits into the remaining amount, and using it will reduce the number of remaining coins to be chosen.",format_ignored,3,parsed_with_normalization,"I chose 3 because it's the largest denomination that fits into the remaining amount, and using it will reduce the number of remaining coins to be chosen.",local_greedy,True,False
CC_02,meta-llama/llama-3.1-8b-instruct,coin_change,adversarial,0,True,0,"{""coins"": [9], ""remaining"": 11}","{""coins"": [9], ""remaining"": 3}","Decision: 9
Reason: Since 9 is the largest denomination and its complement (11-9=2) is not possible with the available denominations, it's the only viable option left.",compliant,9,parsed_clean,"Since 9 is the largest denomination and its complement (11-9=2) is not possible with the available denominations, it's the only viable option left.",local_greedy,True,
CC_02,meta-llama/llama-3.1-8b-instruct,coin_change,adversarial,1,False,0,"{""coins"": [9], ""remaining"": 2}","{""coins"": [9], ""remaining"": 2}","5
This denomination can be used to cover the remaining 2 needed to reach the target of 11.",format_ignored,5,parsed_with_normalization,This denomination can be used to cover the remaining 2 needed to reach the target of 11.,unclear,True,False
CC_03,meta-llama/llama-3.1-8b-instruct,coin_change,adversarial,0,True,0,"{""coins"": [11], ""remaining"": 13}","{""coins"": [11], ""remaining"": 3}","11

I chose this denomination because it's the largest one that still allows us to reach the target of 13 with the remaining amount.",format_ignored,11,parsed_with_normalization,,unclear,True,
CC_03,meta-llama/llama-3.1-8b-instruct,coin_change,adversarial,1,False,0,"{""coins"": [11], ""remaining"": 2}","{""coins"": [11], ""remaining"": 2}","9
There is a 9 left in the denominations, which allows us to exactly meet the remaining amount.",format_ignored,9,parsed_with_normalization,"There is a 9 left in the denominations, which allows us to exactly meet the remaining amount.",unclear,True,False
CC_04,meta-llama/llama-3.1-8b-instruct,coin_change,adversarial,0,True,0,"{""coins"": [17], ""remaining"": 27}","{""coins"": [17], ""remaining"": 11}","17

I chose the 17 denomination because it is the largest remaining denomination that is less than or equal to the target value of 27.",format_ignored,17,parsed_with_normalization,,unclear,True,
CC_04,meta-llama/llama-3.1-8b-instruct,coin_change,adversarial,1,False,0,"{""coins"": [17, 10], ""remaining"": 10}","{""coins"": [17, 10], ""remaining"": 10}","10

Since the goal is to reach the target sum of 27 and the current coin chosen is 17, adding 10 is the next best option to get closer to the target sum of 27, leaving only 1 remaining.",format_ignored,10,parsed_with_normalization,,unclear,True,True
CC_05,meta-llama/llama-3.1-8b-instruct,coin_change,adversarial,0,True,0,"{""coins"": [7], ""remaining"": 14}","{""coins"": [7], ""remaining"": 8}","7
The largest denomination that does not exceed the remaining amount is chosen first in a greedy approach to minimize the number of coins needed.",format_ignored,7,parsed_with_normalization,The largest denomination that does not exceed the remaining amount is chosen first in a greedy approach to minimize the number of coins needed.,local_greedy,True,
CC_05,meta-llama/llama-3.1-8b-instruct,coin_change,adversarial,1,False,0,"{""coins"": [7, 7], ""remaining"": 7}","{""coins"": [7, 7], ""remaining"": 7}",7,format_ignored,7,parsed_with_normalization,,unclear,True,True
CC_06,meta-llama/llama-3.1-8b-instruct,coin_change,adversarial,0,True,0,"{""coins"": [12], ""remaining"": 26}","{""coins"": [12], ""remaining"": 15}","12

The denomination 12 can be used to make a significant dent in the target value of 26.",format_ignored,12,parsed_with_normalization,,unclear,True,
CC_06,meta-llama/llama-3.1-8b-instruct,coin_change,adversarial,1,False,0,"{""coins"": [12, 8], ""remaining"": 14}","{""coins"": [12, 8], ""remaining"": 14}","Decision: 8

The chosen 12 already has a significant impact on the total, so I should add a smaller denomination to minimize backtracking.",partial_compliance,8,parsed_with_normalization,,unclear,True,
CC_06,meta-llama/llama-3.1-8b-instruct,coin_change,adversarial,2,False,0,"{""coins"": [12, 8], ""remaining"": 6}","{""coins"": [12, 8], ""remaining"": 6}","15

The denomination 15 is the closest available coin to the remaining amount of 6, which will likely be a part of the optimal solution.",format_ignored,15,parsed_with_normalization,,unclear,True,False
CC_07,meta-llama/llama-3.1-8b-instruct,coin_change,adversarial,0,True,0,"{""coins"": [8], ""remaining"": 12}","{""coins"": [8], ""remaining"": 5}","Decision: 8
Reason: Choosing the largest denomination of 8 allows for the maximum dollar value to be covered in the next step.",compliant,8,parsed_clean,Choosing the largest denomination of 8 allows for the maximum dollar value to be covered in the next step.,forward_simulation,True,
CC_07,meta-llama/llama-3.1-8b-instruct,coin_change,adversarial,1,False,0,"{""coins"": [8, 4], ""remaining"": 4}","{""coins"": [8, 4], ""remaining"": 4}","Denomination value: 4
The next most high-value denomination is 4, allowing the largest increase in remaining value with a single coin.",format_ignored,4,parsed_with_normalization,"The next most high-value denomination is 4, allowing the largest increase in remaining value with a single coin.",local_greedy,True,True
CC_08,meta-llama/llama-3.1-8b-instruct,coin_change,adversarial,0,True,0,"{""coins"": [25], ""remaining"": 30}","{""coins"": [25], ""remaining"": 6}","25
I chose this denomination because it is the largest available denomination that is less than or equal to the target amount of 30.",format_ignored,25,parsed_with_normalization,I chose this denomination because it is the largest available denomination that is less than or equal to the target amount of 30.,local_greedy,True,
CC_08,meta-llama/llama-3.1-8b-instruct,coin_change,adversarial,1,False,0,"{""coins"": [25], ""remaining"": 5}","{""coins"": [25], ""remaining"": 5}","10
I chose 10 because it's the largest denomination that doesn't exceed the remaining amount and is closer in value to the target remaining amount (5) than the next smaller denomination (6).",format_ignored,10,parsed_with_normalization,I chose 10 because it's the largest denomination that doesn't exceed the remaining amount and is closer in value to the target remaining amount (5) than the next smaller denomination (6).,local_greedy,True,False
CC_09,meta-llama/llama-3.1-8b-instruct,coin_change,adversarial,0,False,2,"{""coins"": [67], ""remaining"": 423}","{""coins"": [67], ""remaining"": 423}","Decision: 67
Reason: The largest denomination is 197, which is too big, so I'll choose the next biggest one, 67.",compliant,67,parsed_clean,"The largest denomination is 197, which is too big, so I'll choose the next biggest one, 67.",local_greedy,False,
CC_09,meta-llama/llama-3.1-8b-instruct,coin_change,adversarial,1,False,2,"{""coins"": [67, 197], ""remaining"": 356}","{""coins"": [67, 197], ""remaining"": 356}","Starting with 197
Adding this coin reduces the remaining sum by 187.",format_ignored,197,parsed_with_normalization,Adding this coin reduces the remaining sum by 187.,unclear,False,
CC_09,meta-llama/llama-3.1-8b-instruct,coin_change,adversarial,2,True,2,"{""coins"": [67, 197, 17], ""remaining"": 159}","{""coins"": [67, 197, 17], ""remaining"": 143}","17
The chosen denomination, 17, is the largest amongst the available options, which means it will cover the largest amount if chosen, effectively reducing the remaining amount and narrowing down the possibilities for the next decision.",format_ignored,17,parsed_with_normalization,"The chosen denomination, 17, is the largest amongst the available options, which means it will cover the largest amount if chosen, effectively reducing the remaining amount and narrowing down the possibilities for the next decision.",forward_simulation,True,
CC_09,meta-llama/llama-3.1-8b-instruct,coin_change,adversarial,3,False,2,"{""coins"": [67, 197, 17, 31], ""remaining"": 142}","{""coins"": [67, 197, 17, 31], ""remaining"": 142}","Decision: 31
Reason: The next largest coin, 11, would not be enough to make up the remaining amount, but 31 is the next smallest coin that could potentially help make up the remaining amount of 142.",compliant,31,parsed_clean,"The next largest coin, 11, would not be enough to make up the remaining amount, but 31 is the next smallest coin that could potentially help make up the remaining amount of 142.",local_greedy,True,
CC_09,meta-llama/llama-3.1-8b-instruct,coin_change,adversarial,4,False,2,"{""coins"": [67, 197, 17, 31], ""remaining"": 111}","{""coins"": [67, 197, 17, 31], ""remaining"": 111}","32
It's a smaller denomination than 67 and could add up to a multiple of 31, allowing for a potential reduction in the remaining amount.",format_ignored,32,parsed_with_normalization,"It's a smaller denomination than 67 and could add up to a multiple of 31, allowing for a potential reduction in the remaining amount.",unclear,True,False
CC_10,meta-llama/llama-3.1-8b-instruct,coin_change,adversarial,0,False,3,"{""coins"": [197], ""remaining"": 965}","{""coins"": [197], ""remaining"": 965}","I choose: 197
Reason: I chose 197 because it is the largest denomination that is less than the remaining amount 965, making it the optimal coin to maximize the number of coins used without exceeding the target.",format_ignored,197,parsed_with_normalization,"I chose 197 because it is the largest denomination that is less than the remaining amount 965, making it the optimal coin to maximize the number of coins used without exceeding the target.",local_greedy,False,
CC_10,meta-llama/llama-3.1-8b-instruct,coin_change,adversarial,1,False,3,"{""coins"": [197], ""remaining"": 768}","{""coins"": [197], ""remaining"": 768}","71

I chose 71 because it's the next largest denomination after 197, which leaves a remainder that's still in the thousands, increasing the likelihood of using the next largest coin.",format_ignored,71,parsed_with_normalization,,unclear,False,
CC_10,meta-llama/llama-3.1-8b-instruct,coin_change,adversarial,2,False,3,"{""coins"": [197, 67], ""remaining"": 768}","{""coins"": [197, 67], ""remaining"": 768}","Decision: 67
Reason: Since 67 is the largest denomination remaining, I choose it to reduce the search space and make it easier to reach the target value.",compliant,67,parsed_clean,"Since 67 is the largest denomination remaining, I choose it to reduce the search space and make it easier to reach the target value.",local_greedy,False,
CC_10,meta-llama/llama-3.1-8b-instruct,coin_change,adversarial,3,True,3,"{""coins"": [197, 67], ""remaining"": 701}","{""coins"": [197, 67], ""remaining"": 702}","61
I chose 61 because it is the closest denomination to the target remaining amount of 965, suggesting it as a good starting point for creating a combination.",format_ignored,61,parsed_with_normalization,"I chose 61 because it is the closest denomination to the target remaining amount of 965, suggesting it as a good starting point for creating a combination.",local_greedy,True,
CC_10,meta-llama/llama-3.1-8b-instruct,coin_change,adversarial,4,False,3,"{""coins"": [197, 67, 31], ""remaining"": 701}","{""coins"": [197, 67, 31], ""remaining"": 701}","31
I chose this value because it is the largest denomination that is less than the remaining amount, which will help me make the most progress towards the target.",format_ignored,31,parsed_with_normalization,"I chose this value because it is the largest denomination that is less than the remaining amount, which will help me make the most progress towards the target.",local_greedy,True,
CC_10,meta-llama/llama-3.1-8b-instruct,coin_change,adversarial,5,False,3,"{""coins"": [197, 67, 31, 201], ""remaining"": 670}","{""coins"": [197, 67, 31, 201], ""remaining"": 670}","I choose 201.

I chose this because it is the smallest denomination that is larger than the remaining amount of 670, so it must be included in the optimal solution.",format_ignored,201,parsed_with_normalization,,unclear,True,
CC_10,meta-llama/llama-3.1-8b-instruct,coin_change,adversarial,6,False,3,"{""coins"": [197, 67, 31, 201, 197], ""remaining"": 469}","{""coins"": [197, 67, 31, 201, 197], ""remaining"": 469}","Decision: 197

Reason: We have already chosen one 197, and the remaining amount of 469 is exactly divisible by 197, so we can add another 197 to reach the target of 965.",compliant,197,parsed_clean,"We have already chosen one 197, and the remaining amount of 469 is exactly divisible by 197, so we can add another 197 to reach the target of 965.",unclear,True,False
SP_003,meta-llama/llama-3.1-8b-instruct,shortest_path,adversarial,0,False,1,"{""cur"": 11, ""path"": [11, 18], ""cost"": 0}","{""cur"": 11, ""path"": [11, 18], ""cost"": 0}","Decision: 18

Reason: I chose to move to node 18 as it has the shortest unvisited edge weight of 3, which suggests the shortest path to the target node 9.",compliant,18,parsed_clean,"I chose to move to node 18 as it has the shortest unvisited edge weight of 3, which suggests the shortest path to the target node 9.",unclear,False,
SP_003,meta-llama/llama-3.1-8b-instruct,shortest_path,adversarial,1,True,1,"{""cur"": 18, ""path"": [11, 18], ""cost"": 3}","{""cur"": 18, ""path"": [11, 18], ""cost"": 4}","Decision: 18

Reason: I chose node 18 because it is the unvisited neighbor with the lowest weight from the current node, making it the most promising choice for the next step in the shortest path.",compliant,18,parsed_clean,"I chose node 18 because it is the unvisited neighbor with the lowest weight from the current node, making it the most promising choice for the next step in the shortest path.",forward_simulation,True,
SP_003,meta-llama/llama-3.1-8b-instruct,shortest_path,adversarial,2,False,1,"{""cur"": 18, ""path"": [11, 18, 14], ""cost"": 3}","{""cur"": 18, ""path"": [11, 18, 14], ""cost"": 3}","Decision: 14

Reason: Moving to node 14 is the next best option as it has the shortest weight of 4 among the unvisited neighbors, allowing for further optimization of the path.",compliant,14,parsed_clean,"Moving to node 14 is the next best option as it has the shortest weight of 4 among the unvisited neighbors, allowing for further optimization of the path.",unclear,True,
SP_003,meta-llama/llama-3.1-8b-instruct,shortest_path,adversarial,3,False,1,"{""cur"": 14, ""path"": [11, 18, 14, 0], ""cost"": 7}","{""cur"": 14, ""path"": [11, 18, 14, 0], ""cost"": 7}","I will choose to move to node 0.

I chose node 0 because it has the shortest weight of 3 among the unvisited neighbors, which seems like a promising starting point for potentially exploring a shorter path to the target node 9.",format_ignored,0,parsed_with_normalization,,unclear,True,
SP_003,meta-llama/llama-3.1-8b-instruct,shortest_path,adversarial,4,False,1,"{""cur"": 0, ""path"": [11, 18, 14, 0], ""cost"": 10}","{""cur"": 0, ""path"": [11, 18, 14, 0], ""cost"": 10}","Decision: 0

Reason: I am currently at node 0, so I choose to stay at node 0 to maintain the path and calculate the neighbors from this node.",compliant,0,parsed_clean,"I am currently at node 0, so I choose to stay at node 0 to maintain the path and calculate the neighbors from this node.",unclear,True,False
SP_004,meta-llama/llama-3.1-8b-instruct,shortest_path,adversarial,0,True,0,"{""cur"": 0, ""path"": [0, 2], ""cost"": 0}","{""cur"": 2, ""path"": [0, 2], ""cost"": 6}","Next node to move to: 2
Reason: I chose to move to node 2 because it is the most immediate neighbor of the current position (node 0), among the unvisited neighbors.",format_ignored,2,parsed_with_normalization,"I chose to move to node 2 because it is the most immediate neighbor of the current position (node 0), among the unvisited neighbors.",unclear,True,
SP_004,meta-llama/llama-3.1-8b-instruct,shortest_path,adversarial,1,False,0,"{""cur"": 2, ""path"": [0, 2, 5], ""cost"": 5}","{""cur"": 2, ""path"": [0, 2, 5], ""cost"": 5}","Decision: 5
Reason: It's the only unvisited neighbor of the current node (2) with a known weight.",compliant,5,parsed_clean,It's the only unvisited neighbor of the current node (2) with a known weight.,unclear,True,
SP_004,meta-llama/llama-3.1-8b-instruct,shortest_path,adversarial,2,False,0,"{""cur"": 5, ""path"": [0, 2, 5, 9], ""cost"": 9}","{""cur"": 5, ""path"": [0, 2, 5, 9], ""cost"": 9}","9
I chose node 9 because it is the unvisited neighbor of the current node 5 and is the target node, which offers the optimal solution.",format_ignored,9,parsed_with_normalization,"I chose node 9 because it is the unvisited neighbor of the current node 5 and is the target node, which offers the optimal solution.",unclear,True,
SP_004,meta-llama/llama-3.1-8b-instruct,shortest_path,adversarial,3,False,0,"{""cur"": 9, ""path"": [0, 2, 5, 9], ""cost"": 12}","{""cur"": 9, ""path"": [0, 2, 5, 9], ""cost"": 12}","4
This is the destination of the current path (5, 9), so it's the best option.",format_ignored,4,parsed_with_normalization,"This is the destination of the current path (5, 9), so it's the best option.",unclear,True,
SP_004,meta-llama/llama-3.1-8b-instruct,shortest_path,adversarial,4,False,0,"{""cur"": 9, ""path"": [0, 2, 5, 9], ""cost"": 12}","{""cur"": 9, ""path"": [0, 2, 5, 9], ""cost"": 12}","3

I chose node 3 because it is an unvisited neighbor of the current node and is also the source node that we were given, indicating it might be an efficient route.",format_ignored,3,parsed_with_normalization,,unclear,True,False
SP_005,meta-llama/llama-3.1-8b-instruct,shortest_path,adversarial,0,False,1,"{""cur"": 0, ""path"": [0, 1], ""cost"": 0}","{""cur"": 0, ""path"": [0, 1], ""cost"": 0}","Decision: 1

Reason: I chose node 1 as it is the unvisited neighbor with the smallest weight (5), indicating the shortest known path to this node.",compliant,1,parsed_clean,"I chose node 1 as it is the unvisited neighbor with the smallest weight (5), indicating the shortest known path to this node.",local_greedy,False,
SP_005,meta-llama/llama-3.1-8b-instruct,shortest_path,adversarial,1,True,1,"{""cur"": 1, ""path"": [0, 1], ""cost"": 5}","{""cur"": 1, ""path"": [0, 1], ""cost"": 6}","Decision: 1

Reason: I chose node 1 because it is the neighbor with the lowest weighted edge to the current node (node 0), with a weight of 5, which is the smallest edge weight of the unvisited neighbors.",compliant,1,parsed_clean,"I chose node 1 because it is the neighbor with the lowest weighted edge to the current node (node 0), with a weight of 5, which is the smallest edge weight of the unvisited neighbors.",local_greedy,True,
SP_005,meta-llama/llama-3.1-8b-instruct,shortest_path,adversarial,2,False,1,"{""cur"": 1, ""path"": [0, 1, 5], ""cost"": 5}","{""cur"": 1, ""path"": [0, 1, 5], ""cost"": 5}","Decision: 5
Reason: I chose node 5 because it has a shorter weight (6) compared to the other unvisited neighbors (4 and 9), making it a more efficient choice to move from the current node 1.",compliant,5,parsed_clean,"I chose node 5 because it has a shorter weight (6) compared to the other unvisited neighbors (4 and 9), making it a more efficient choice to move from the current node 1.",unclear,True,
SP_005,meta-llama/llama-3.1-8b-instruct,shortest_path,adversarial,3,False,1,"{""cur"": 5, ""path"": [0, 1, 5, 10], ""cost"": 11}","{""cur"": 5, ""path"": [0, 1, 5, 10], ""cost"": 11}","10

I chose to move to node 10 because it is the next unvisited neighbor with the lowest edge weight, which is a key factor in making progress towards the target node in a shortest path problem.",format_ignored,10,parsed_with_normalization,,unclear,True,
SP_005,meta-llama/llama-3.1-8b-instruct,shortest_path,adversarial,4,False,1,"{""cur"": 10, ""path"": [0, 1, 5, 10, 13], ""cost"": 19}","{""cur"": 10, ""path"": [0, 1, 5, 10, 13], ""cost"": 19}","13
I chose node 13 because it provides a shorter unvisited edge (13, 7 = 7) compared to node 12 and the edge (12, 4) is not necessarily the shortest available option at this point in the path.",format_ignored,13,parsed_with_normalization,"I chose node 13 because it provides a shorter unvisited edge (13, 7 = 7) compared to node 12 and the edge (12, 4) is not necessarily the shortest available option at this point in the path.",unclear,True,False
WIS_003,meta-llama/llama-3.1-8b-instruct,wis,adversarial,0,True,0,"{""selected"": [], ""ruled_out"": []}","{""selected"": [0], ""ruled_out"": [1]}","SELECT 0

Reason: Interval 0 (0-1, 1-15) has a very large weight (15) and no other intervals overlap with it.",format_ignored,SELECT 0,parsed_with_normalization,"Interval 0 (0-1, 1-15) has a very large weight (15) and no other intervals overlap with it.",unclear,True,
WIS_003,meta-llama/llama-3.1-8b-instruct,wis,adversarial,1,False,0,"{""selected"": [0], ""ruled_out"": []}","{""selected"": [0], ""ruled_out"": []}","SELECT 2
Reason: Interval 2 starts after the end of the currently selected interval 0 and has a higher start value than interval 1.",format_ignored,SELECT 2,parsed_with_normalization,Interval 2 starts after the end of the currently selected interval 0 and has a higher start value than interval 1.,unclear,True,
WIS_003,meta-llama/llama-3.1-8b-instruct,wis,adversarial,2,False,0,"{""selected"": [0, 2], ""ruled_out"": []}","{""selected"": [0, 2], ""ruled_out"": []}","SELECT 4

Reason: The interval [4, 8, 9, 13] has the maximum value (13) among the available intervals and overlaps with no already selected interval [0, 2].",format_ignored,SELECT 4,parsed_with_normalization,"The interval [4, 8, 9, 13] has the maximum value (13) among the available intervals and overlaps with no already selected interval [0, 2].",local_greedy,True,
WIS_003,meta-llama/llama-3.1-8b-instruct,wis,adversarial,3,False,0,"{""selected"": [0, 2, 4], ""ruled_out"": []}","{""selected"": [0, 2, 4], ""ruled_out"": []}","SELECT 8
The interval (8, 16, 17, 11) can be selected because it does not overlap with the currently selected intervals [0, 2, 4] and it is not previously ruled out.",format_ignored,SELECT 8,parsed_with_normalization,"The interval (8, 16, 17, 11) can be selected because it does not overlap with the currently selected intervals [0, 2, 4] and it is not previously ruled out.",unclear,True,
WIS_003,meta-llama/llama-3.1-8b-instruct,wis,adversarial,4,False,0,"{""selected"": [0, 2, 4, 8], ""ruled_out"": []}","{""selected"": [0, 2, 4, 8], ""ruled_out"": []}","SELECT 5

Reason: Interval 5 is the only interval among the available options that ends before the earliest start time of any of the intervals that I have already selected, which are [0, 2, 4, 8], and has a weight of 9.",format_ignored,SELECT 5,parsed_with_normalization,"Interval 5 is the only interval among the available options that ends before the earliest start time of any of the intervals that I have already selected, which are [0, 2, 4, 8], and has a weight of 9.",unclear,True,
WIS_003,meta-llama/llama-3.1-8b-instruct,wis,adversarial,5,False,0,"{""selected"": [0, 2, 4, 8, 5], ""ruled_out"": []}","{""selected"": [0, 2, 4, 8, 5], ""ruled_out"": []}","SELECT 7
Reason: Interval 7 (6, 12, 13, 8) can be scheduled after intervals 0, 2, 4, and 8 without any overlap, resulting in maximizing the total weight of the selected intervals.",format_ignored,SELECT 7,parsed_with_normalization,"Interval 7 (6, 12, 13, 8) can be scheduled after intervals 0, 2, 4, and 8 without any overlap, resulting in maximizing the total weight of the selected intervals.",unclear,True,
WIS_003,meta-llama/llama-3.1-8b-instruct,wis,adversarial,6,False,0,"{""selected"": [0, 2, 4, 8, 5, 7], ""ruled_out"": []}","{""selected"": [0, 2, 4, 8, 5, 7], ""ruled_out"": []}","SELECT 1
Reason: Interval 1 can be selected because its start time (2) is greater than the end time of the previously selected interval (7), and it does not overlap with the previously ruled-out intervals.",format_ignored,SELECT 1,parsed_with_normalization,"Interval 1 can be selected because its start time (2) is greater than the end time of the previously selected interval (7), and it does not overlap with the previously ruled-out intervals.",unclear,True,False
WIS_004,meta-llama/llama-3.1-8b-instruct,wis,adversarial,0,False,1,"{""selected"": [], ""ruled_out"": []}","{""selected"": [], ""ruled_out"": []}","SELECT 0

This interval (0, 0, 1, 5) has no overlap with any other intervals in the available list, making it a safe initial selection.",format_ignored,SELECT 0,parsed_with_normalization,,unclear,False,
WIS_004,meta-llama/llama-3.1-8b-instruct,wis,adversarial,1,True,1,"{""selected"": [0], ""ruled_out"": []}","{""selected"": [0], ""ruled_out"": [1]}","SELECT 0

Reason: The first interval has the largest weight and starts at the earliest time, suggesting that it is likely to be part of an optimal solution.",format_ignored,SELECT 0,parsed_with_normalization,"The first interval has the largest weight and starts at the earliest time, suggesting that it is likely to be part of an optimal solution.",local_greedy,True,
WIS_004,meta-llama/llama-3.1-8b-instruct,wis,adversarial,2,False,1,"{""selected"": [0], ""ruled_out"": []}","{""selected"": [0], ""ruled_out"": []}","SELECT 3
Reason: Interval [3, 6, 7, 8] has the earliest end time so far, but intervals 1, 2, and 4 all conflict with it and should be ruled out first to optimize the selection.",format_ignored,SELECT 3,parsed_with_normalization,"Interval [3, 6, 7, 8] has the earliest end time so far, but intervals 1, 2, and 4 all conflict with it and should be ruled out first to optimize the selection.",unclear,True,
WIS_004,meta-llama/llama-3.1-8b-instruct,wis,adversarial,3,False,1,"{""selected"": [0, 3], ""ruled_out"": []}","{""selected"": [0, 3], ""ruled_out"": []}","SELECT 2

Reason: Interval 1 has a weight of 5, which is greater than the total weight of the intervals already selected (13 - 3 = 10), so selecting interval 2 would increase the total weight.",format_ignored,SELECT 2,parsed_with_normalization,"Interval 1 has a weight of 5, which is greater than the total weight of the intervals already selected (13 - 3 = 10), so selecting interval 2 would increase the total weight.",unclear,True,
WIS_004,meta-llama/llama-3.1-8b-instruct,wis,adversarial,4,False,1,"{""selected"": [0, 3, 2], ""ruled_out"": []}","{""selected"": [0, 3, 2], ""ruled_out"": []}","SELECT 4
Reason: Interval 4 has a weight of 3, which is greater than any interval selected so far, and it does not overlap with the selected intervals.",format_ignored,SELECT 4,parsed_with_normalization,"Interval 4 has a weight of 3, which is greater than any interval selected so far, and it does not overlap with the selected intervals.",unclear,True,
WIS_004,meta-llama/llama-3.1-8b-instruct,wis,adversarial,5,False,1,"{""selected"": [0, 3, 2, 4], ""ruled_out"": []}","{""selected"": [0, 3, 2, 4], ""ruled_out"": []}","SELECT 8

Reason: Interval 8 (weight 4) starts after the last selected interval 4 (weight 7) and doesn't overlap with it, making it a good candidate for selection.",format_ignored,SELECT 8,parsed_with_normalization,"Interval 8 (weight 4) starts after the last selected interval 4 (weight 7) and doesn't overlap with it, making it a good candidate for selection.",unclear,True,
WIS_004,meta-llama/llama-3.1-8b-instruct,wis,adversarial,6,False,1,"{""selected"": [0, 3, 2, 4, 8], ""ruled_out"": []}","{""selected"": [0, 3, 2, 4, 8], ""ruled_out"": []}","SELECT 5
Reason: Interval 5 has a relatively low weight of 4 and doesn't overlap with any of the selected intervals, making it a safe and potentially valuable addition to the solution.",format_ignored,SELECT 5,parsed_with_normalization,"Interval 5 has a relatively low weight of 4 and doesn't overlap with any of the selected intervals, making it a safe and potentially valuable addition to the solution.",unclear,True,False
