problem_id,model,subtype,instance_type,raw_response,stated_algorithm,greedy_assessment_correct,greedy_assessment_text,predicted_first_decision,critical_point_identified,phase1_parseable,unparseable_q2
CC_01,openai/gpt-4o,coin_change,adversarial,"1. **Algorithm:** I will use a dynamic programming (DP) algorithm to solve the coin change problem. This approach is suitable because it allows us to systematically explore all possible combinations of coin denominations to find the minimum number of coins needed to make the exact change. It avoids redundant calculations by storing results of subproblems.

2. **Greedy Approach:** No, a greedy approach will not work in this case because choosing the largest coin that fits may not lead to the minimum number of coins required. For example, choosing a 4-coin when trying to make 6 might initially seem optimal, but could lead to an un-optimal number of coins in the end.

3. **First Coin Choice:** The decision on the first coin is not fixed upfront in a DP approach. Instead, we iteratively determine the optimal number of coins for each amount up to the target value (6 in this case), considering each denomination at every step to ensure we have the minimum coins for that amount. 

4. **Key Decision Point:** The key decision point occurs at each sub-amount leading up to our target (6 in this case). The wrong choice would be attempting to construct optimal solutions for sub-amounts without considering all possibilities allowed by smaller denominations, leading to an oversight of potentially fewer coins needed for some configurations.",dynamic programming,True,"**Greedy Approach:** No, a greedy approach will not work in this case because choosing the largest coin that fits may not lead to the minimum number of coins required. For example, choosing a 4-coin when trying to make 6 might initially seem optimal, but could lead to an un-optimal number of coins in the end.","**First Coin Choice:** The decision on the first coin is not fixed upfront in a DP approach. Instead, we iteratively determine the optimal number of coins for each amount up to the target value (6 in this case), considering each denomination at every step to ensure we have the minimum coins for that amount.",,True,
CC_02,openai/gpt-4o,coin_change,adversarial,"1. **Algorithm:** I will use a dynamic programming approach to solve this problem. This approach is suitable because it systematically explores all possibilities and builds up the solution by solving smaller subproblems, ensuring that we find the minimum number of coins for any amount.
   
2. **Greedy Approach:** No, a greedy approach will not work here. This is because choosing the largest denomination first can lead to suboptimal solutions; the greedy choice does not guarantee globally optimal solutions in coin change problems with arbitrary denominations.

3. **First Coin Choice:** The first choice will be determined by exploring all possible coins for the base case, starting from the smallest amount up to the target amount (11 in this case). We explore every coin option for the given subproblems to ensure that we don't prematurely decide on a suboptimal path.

4. **Key Decision Point:** The key decision point is at each amount less than or equal to the target where we decide which coin to use to build the remaining amount. Choosing the wrong coin set at any point can cause us to use more coins later, yielding a suboptimal solution. The decision for each subproblem must thus consider all available coins.",dynamic programming,True,"**Greedy Approach:** No, a greedy approach will not work here. This is because choosing the largest denomination first can lead to suboptimal solutions; the greedy choice does not guarantee globally optimal solutions in coin change problems with arbitrary denominations.","**First Coin Choice:** The first choice will be determined by exploring all possible coins for the base case, starting from the smallest amount up to the target amount (11 in this case). We explore every coin option for the given subproblems to ensure that we don't prematurely decide on a suboptimal path.",,True,
CC_03,openai/gpt-4o,coin_change,adversarial,"1. I will use a dynamic programming algorithm because it efficiently calculates the minimum number of coins needed for each subamount, building up to the target amount, and ensures we find the optimal solution.

2. No, a greedy approach will not work here because choosing the largest denomination first can lead to suboptimal solutions, as seen in cases where smaller denominations combined might provide a better solution.

3. The first coin choice using dynamic programming does not follow a specific pre-defined order since it evaluates all possible coins for every subamount, but initializing with the smallest denomination often allows the complete range of subamounts to be covered as we progressively build up to the target.

4. The key decision point in this problem is the step where we decide which coin to use at each subamount calculation, as choosing the wrong denomination can lead to a path with a higher total coin count in the final solution.",dynamic programming,True,"No, a greedy approach will not work here because choosing the largest denomination first can lead to suboptimal solutions, as seen in cases where smaller denominations combined might provide a better solution.","The first coin choice using dynamic programming does not follow a specific pre-defined order since it evaluates all possible coins for every subamount, but initializing with the smallest denomination often allows the complete range of subamounts to be covered as we progressively build up to the target.",,True,
CC_04,openai/gpt-4o,coin_change,adversarial,"1. I will use a dynamic programming algorithm because it is well-suited for solving the coin change problem by systematically considering all possible combinations and building up to the target amount with minimal coins.
   
2. No, a greedy approach will not work here because it can lead to suboptimal solutions, especially when smaller denomination combinations may result in fewer coins.

3. My first coin choice will explore the highest denomination that fits into the target but will reconsider all choices due to the dynamic programming approach; initially, I will look at using the 23 coin since it is the largest available that is less than 27, but the final choice depends on further computation.

4. The key decision point in this problem is choosing whether to include a certain coin denomination at each step since choosing incorrectly—even if locally optimal—without considering future consequences can lead to a globally suboptimal solution.",dynamic programming,True,"No, a greedy approach will not work here because it can lead to suboptimal solutions, especially when smaller denomination combinations may result in fewer coins.","My first coin choice will explore the highest denomination that fits into the target but will reconsider all choices due to the dynamic programming approach; initially, I will look at using the 23 coin since it is the largest available that is less than 27, but the final choice depends on further computation.",,True,
CC_05,openai/gpt-4o,coin_change,adversarial,"1. What algorithm will you use and why?
   - I will use a dynamic programming approach. This method is suitable because it systematically explores all combinations of the coins to find the minimum number of coins needed for the exact change, ensuring an optimal solution.

2. Will a greedy approach (always picking the largest coin that fits) work here? 
   - No, because a greedy approach does not guarantee the optimal solution for this problem set. For example, choosing a larger denomination first might prevent finding a combination with fewer total coins.

3. What will your first coin choice be, and what is your reasoning for that choice?
   - In the context of dynamic programming, the ""first choice"" isn't made arbitrarily. Instead, we start by computing solutions for smaller amounts and build up to the target amount. However, practically speaking, a choice might be informed by using the smaller denominations early in smaller subproblems to build up a base for constructing larger amounts systematically.

4. What is the key decision point in this problem — the step where a wrong choice would lead to a suboptimal solution?
   - The key decision point is the selection of coin combinations for each smaller subproblem (amount) leading up to the target amount. Making a wrong choice at any stage (i.e., not considering a smaller denomination when it could contribute to an optimal solution) can lead to an ineffective number of total coins being used to achieve the target.",dynamic programming,True,"Will a greedy approach (always picking the largest coin that fits) work here? 
   - No, because a greedy approach does not guarantee the optimal solution for this problem set. For example, choosing a larger denomination first might prevent finding a combination with fewer total coins.","What will your first coin choice be, and what is your reasoning for that choice?
   - In the context of dynamic programming, the ""first choice"" isn't made arbitrarily. Instead, we start by computing solutions for smaller amounts and build up to the target amount. However, practically speaking, a choice might be informed by using the smaller denominations early in smaller subproblems to build up a base for constructing larger amounts systematically.",,True,
CC_06,openai/gpt-4o,coin_change,adversarial,"1. Approach: I will use a dynamic programming algorithm to solve this problem because it systematically considers all combinations of coins to ensure the minimum number of coins is used, effectively solving each subproblem and building up to the final solution.

2. Greedy Approach: No, a greedy approach will not work here because it may not always lead to an optimal solution. It might choose larger coins first without leaving a feasible way to complete the rest of the amount with the least number of coins.

3. First Coin Choice: The first coin choice in the dynamic programming approach will depend on the subproblems' solutions. It will explore the option of using each coin to minimize the total coin number rather than making a decision at the outset.

4. Key Decision Point: The key decision point is when calculating the minimum number of coins for each sub-amount leading to 26, especially deciding whether to include a particular coin by comparing the number of coins required if that coin is used versus not used. Making the wrong choice here could lead to a higher total coin count.",dynamic programming,True,"Greedy Approach: No, a greedy approach will not work here because it may not always lead to an optimal solution. It might choose larger coins first without leaving a feasible way to complete the rest of the amount with the least number of coins.",First Coin Choice: The first coin choice in the dynamic programming approach will depend on the subproblems' solutions. It will explore the option of using each coin to minimize the total coin number rather than making a decision at the outset.,,True,
CC_07,openai/gpt-4o,coin_change,adversarial,"1. I will use dynamic programming to solve this problem, as it is well-suited for finding the minimum number of coins needed for a given amount when multiple combinations are possible.
2. No, a greedy approach will not always work in this scenario because selecting the largest coin that fits may not lead to the optimal solution when smaller denominations can accomplish the goal with fewer coins.
3. My first coin choice will be the coin with denomination 9, because it is the largest value less than 12, and I will then consider combinations with smaller coins to complete the exact change.
4. The key decision point in this problem is choosing the appropriate combination of coins; a wrong choice could lead to using more coins than necessary, especially when balancing between larger and smaller denominations to reach the exact amount.",dynamic programming,True,"No, a greedy approach will not always work in this scenario because selecting the largest coin that fits may not lead to the optimal solution when smaller denominations can accomplish the goal with fewer coins.","My first coin choice will be the coin with denomination 9, because it is the largest value less than 12, and I will then consider combinations with smaller coins to complete the exact change.",,True,
CC_08,openai/gpt-4o,coin_change,adversarial,"1. I will use dynamic programming for this problem because it is well-suited for solving optimization problems where the solution can be built incrementally by solving overlapping subproblems.

2. No, a greedy approach will not always work here because choosing the largest coin first may not lead to the minimum number of coins needed; specifically, it might overlook combinations of smaller coins that yield an optimal solution.

3. The first coin choice in the dynamic programming solution is not predetermined; instead, it considers all possible coins at every subproblem stage, ensuring the overall solution uses the minimum number of coins by evaluating and comparing the results.

4. The key decision point in this problem is at each step of building up the amount from 0 to 30, where deciding which coin to add to the current combination can lead to either an optimal or suboptimal path.",dynamic programming,True,"No, a greedy approach will not always work here because choosing the largest coin first may not lead to the minimum number of coins needed; specifically, it might overlook combinations of smaller coins that yield an optimal solution.","The first coin choice in the dynamic programming solution is not predetermined; instead, it considers all possible coins at every subproblem stage, ensuring the overall solution uses the minimum number of coins by evaluating and comparing the results.",,True,
CC_09,openai/gpt-4o,coin_change,adversarial,"1. **Algorithm**: I will use dynamic programming to solve this problem because it is well-suited for the ""minimum coins"" type of problems where subproblems overlap, allowing us to build solutions incrementally and ensure that we find the optimal solution with the minimum number of coins.

2. **Greedy Approach**: No, a greedy approach does not always work in coin change problems like this because choosing the largest coin first can sometimes prevent finding the optimal solution, as it may prevent other combinations that use a smaller number of coins.

3. **First Coin Choice**: The choice of the first coin should not be predetermined since using dynamic programming will consider all possibilities. However, a naive greedy start might choose 197, but this is not guaranteed to be optimal without further analysis.

4. **Key Decision Point**: The key decision point is determining which subset of coins to use at each step while ensuring that we minimize the total count of coins, particularly at each state in the dynamic programming table where we decide whether to include a particular coin or not.",dynamic programming,True,"**Greedy Approach**: No, a greedy approach does not always work in coin change problems like this because choosing the largest coin first can sometimes prevent finding the optimal solution, as it may prevent other combinations that use a smaller number of coins.","**First Coin Choice**: The choice of the first coin should not be predetermined since using dynamic programming will consider all possibilities. However, a naive greedy start might choose 197, but this is not guaranteed to be optimal without further analysis.",,True,
CC_10,openai/gpt-4o,coin_change,adversarial,"1. **Algorithm**: I will use dynamic programming to solve this problem because it allows us to systematically explore all potential combinations of coins to find the minimum number needed to make the exact change.

2. **Greedy Approach**: No, a greedy approach will not work here because it may lead to suboptimal solutions by not considering future combinations that might use fewer coins.

3. **First Coin Choice**: The first coin choice will depend on the dynamic programming process. We will start by determining if using the largest denomination (201) reduces the target amount effectively without ignoring smaller denominations that could later sum to a more efficient solution.

4. **Key Decision Point**: The key decision point is choosing which denomination to subtract from the remaining amount at each step. This decision needs to be made carefully to ensure we explore combinations that ultimately use the minimum number of coins.",reduces the target amount effectively without ignoring smaller denominations that could later sum to a more efficient solution.,True,"**Greedy Approach**: No, a greedy approach will not work here because it may lead to suboptimal solutions by not considering future combinations that might use fewer coins.",**First Coin Choice**: The first coin choice will depend on the dynamic programming process. We will start by determining if using the largest denomination (20,,True,
SP_001,openai/gpt-4o,shortest_path,standard,"Approach:

1. **Algorithm to Use:** I will use Dijkstra's algorithm for this shortest path problem. This algorithm is suitable because it efficiently computes the shortest path from a single source node (Warehouse 0) to all other nodes in a graph with non-negative edge weights, which matches the problem's requirements.

2. **Greedy Approach Viability:** No, a greedy approach (always moving to the nearest unvisited neighbor) will not always work for finding the shortest path. This is because it may lead to a situation where selecting a locally optimal path results in missing a globally optimal path, especially in graphs where longer paths through a sequence of nodes could result in a shorter overall path.

3. **First Move from Source Node:** The first move from the source node, Warehouse 0, will be to Depot 2, as it provides one of the shortest immediate travel times (3 minutes) and branches out to other critical nodes efficiently, like Parkway 4 and Overpass 6.

4. **Locally Short Edge Leading to Globally Longer Path:** Yes, there can be cases where taking a locally short edge leads to a globally longer path. For example, choosing the direct path from Suburb 1 to Bypass 9 (12 mins) might seem locally optimal, but it could bypass a more effective node combination through Junction 3, which offers additional connectivity and potentially shorter paths to Customer 11 through routes involving Shelter 8 or Terminal 7.",Dijkstra,False,"**Greedy Approach Viability:** No, a greedy approach (always moving to the nearest unvisited neighbor) will not always work for finding the shortest path. This is because it may lead to a situation where selecting a locally optimal path results in missing a globally optimal path, especially in graphs where longer paths through a sequence of nodes could result in a shorter overall path.","**First Move from Source Node:** The first move from the source node, Warehouse 0, will be to Depot 2, as it provides one of the shortest immediate travel times (3 minutes) and branches out to other critical nodes efficiently, like Parkway 4 and Overpass 6.",,True,
SP_002,openai/gpt-4o,shortest_path,standard,"1. I will use Dijkstra's algorithm to solve this shortest path problem because it efficiently finds the shortest path from a single source node to all other nodes in a weighted graph with non-negative edge weights. This algorithm will allow me to determine the fastest route from Base Camp 16 to Summit Lodge 11 by continuously selecting the node with the minimum tentative distance and updating the shortest path estimates.
2. No, a greedy approach will not necessarily work here because it doesn't account for future path costs. Choosing the nearest unvisited neighbor can lead to a path that seems short initially but becomes longer as the journey progresses due to unconsidered larger cumulative costs.
3. The first move from the source node, Base Camp 16, will be to Waypoint 12, as it has the shortest direct path from the start, costing only 4 hours, which is less than any other direct connections.
4. Yes, a locally short edge may lead to a globally longer path, for example, the edge between Waypoint 10 and Summit Lodge 11 in comparison to the detour via Waypoint 15 and Waypoint 21, which might initially seem longer but avoids later longer paths, depending on the context of surrounding routes.",Dijkstra,False,"No, a greedy approach will not necessarily work here because it doesn't account for future path costs. Choosing the nearest unvisited neighbor can lead to a path that seems short initially but becomes longer as the journey progresses due to unconsidered larger cumulative costs.","The first move from the source node, Base Camp 16, will be to Waypoint 12, as it has the shortest direct path from the start, costing only 4 hours, which is less than any other direct connections.",,True,False
SP_003,openai/gpt-4o,shortest_path,adversarial,"1. **What algorithm will you use and why?**
   I will use Dijkstra's algorithm to find the shortest path from Safe House 11 to Drop Point 9. This algorithm is appropriate because it efficiently finds the shortest path in a graph with non-negative edge weights, such as this one.

2. **Will a greedy approach (always moving to the nearest unvisited neighbor) work here?**
   No, a greedy approach will not work because selecting the nearest unvisited neighbor does not guarantee that the overall path will be the shortest possible. Dijkstra's algorithm, on the other hand, considers the cumulative cost from the source, which provides an optimal solution.

3. **What will your first move be from the source node, and why?**
   The first move will be to Relay 18 since it is one of the immediate connections from Safe House 11 with a relatively low cost of 3 minutes, and exploring this option can potentially lead to an optimal path. However, all connections from the source will be considered to ensure the shortest path is found.

4. **Is there any part of the graph where a locally short edge leads to a globally longer path? If yes, where?**
   Yes, for example, moving from Safe House 11 to Outpost 14 initially via a longer path might seem suboptimal, but it could eventually lead to a faster overall route. Alternatively, choosing a locally short edge like directly moving to Junction 0 from Safe House 11 without considering other connections could result in a longer path elsewhere in the graph.",Dijkstra,True,"**Will a greedy approach (always moving to the nearest unvisited neighbor) work here?**
   No, a greedy approach will not work because selecting the nearest unvisited neighbor does not guarantee that the overall path will be the shortest possible. Dijkstra's algorithm, on the other hand, considers the cumulative cost from the source, which provides an optimal solution.","**What will your first move be from the source node, and why?**
   The first move will be to Relay 18 since it is one of the immediate connections from Safe House 11 with a relatively low cost of 3 minutes, and exploring this option can potentially lead to an optimal path. However, all connections from the source will be considered to ensure the shortest path is found.",,True,
SP_004,openai/gpt-4o,shortest_path,adversarial,"1. I will use Dijkstra's algorithm to solve this problem because it is well-suited for finding the shortest path in a graph with non-negative edge weights. However, since there are time-dependent edges, I will incorporate these into the algorithm by checking time conditions when evaluating those edges. 
2. No, a greedy approach will not work here because it does not account for the time-dependent nature of certain routes. Simply choosing the nearest unvisited neighbor may lead to missing optimal paths with temporarily lower costs.
3. The first move will be from Base Lodge 0 to Waypoint 1, as it has a fixed cost of 2 hours, which is lower than the other initial options, and does not yet cause any time constraint issues.
4. Yes, there is a part of the graph where a locally short edge leads to a globally longer path: traveling from Waypoint 1 to Waypoint 5 after hour 1. Although it appears shorter immediately if you arrive after hour 1, it actually extends the overall path duration due to the increased cost, compared to alternate routes available at that time.","Although it appears shorter immediately if you arrive after hour 1, it actually extends the overall path duration due to the increased cost, compared to alternate routes available at that time.",True,"No, a greedy approach will not work here because it does not account for the time-dependent nature of certain routes. Simply choosing the nearest unvisited neighbor may lead to missing optimal paths with temporarily lower costs.","The first move will be from Base Lodge 0 to Waypoint 1, as it has a fixed cost of 2 hours, which is lower than the other initial options, and does not yet cause any time constraint issues.",,True,False
SP_005,openai/gpt-4o,shortest_path,adversarial,"1. I will use Dijkstra's algorithm because it is designed to find the shortest path in graphs with non-negative edge weights, and the problem involves finding the minimum time path in a directed graph with positive weights. Dijkstra's algorithm efficiently computes the shortest paths from a starting node to all other nodes until the destination node is reached.
2. No, a greedy approach does not work because it can lead to suboptimal solutions by choosing local minima that do not account for the global structure of the graph and can miss the overall shortest path.
3. My first move from the source node 0 will be to Junction B (node 1) because it has the smallest transit time of 5 minutes among the direct edges from node 0, setting an initial path with the least cost while continuing the strategy of calculating paths from this node.
4. Yes, there is a part of the graph where following a locally short edge can lead to a globally longer path: moving from Tunnel E (node 2) to Vault I (node 8) quickly with a 7-minute transit time may seem appealing, but it could lead to longer paths downstream compared to possibly passing through Relay K (node 10) and subsequently more optimal paths directly connecting to lower-cost routes towards the destination.","because it has the smallest transit time of 5 minutes among the direct edges from node 0, setting an initial path with the least cost while continuing the strategy of calculating paths from this node.",,"to Vault I (node 8) quickly with a 7-minute transit time may seem appealing, but it could lead to longer paths downstream compared to possibly passing through Relay K (node 10) and subsequently more optimal paths directly connecting to lower-cost routes towards the destination.",My first move from the source node 0 will be to Junction B (node,,False,True
WIS_001,openai/gpt-4o,wis,standard,"Approach:

1. **Algorithm Choice**: To solve this problem, I will use dynamic programming. The dynamic programming approach is suitable here because it effectively handles the overlapping subproblems and optimal substructure inherent in this problem by building up the solution from the base cases.

2. **Greedy Approach Validity**: No, a greedy approach will not work in this case. This is because picking the highest-yield plot at each step might prevent better combinations of plots from being harvested, due to the restriction that adjacent plots cannot both be harvested.

3. **First Interval Selection**: The first interval selection in a dynamic programming solution generally involves evaluating the first couple of plots to determine the base cases, which will then assist in building the solution. This usually involves comparing and storing the maximum yield of the first two or three plots, ensuring none are adjacent.

4. **Critical Interval**: Incorrectly selecting an interval that has a high yield but is surrounded by other high-yield plots, such as Plot 9, could most damage the total optimal weight. Choosing it too early might prevent harvesting other combinations of plots that yield a higher total than including Plot 9 itself.",dynamic programming,False,"**Greedy Approach Validity**: No, a greedy approach will not work in this case. This is because picking the highest-yield plot at each step might prevent better combinations of plots from being harvested, due to the restriction that adjacent plots cannot both be harvested.","**First Interval Selection**: The first interval selection in a dynamic programming solution generally involves evaluating the first couple of plots to determine the base cases, which will then assist in building the solution. This usually involves comparing and storing the maximum yield of the first two or three plots, ensuring none are adjacent.",,True,
WIS_002,openai/gpt-4o,wis,standard,"To address this weighted interval scheduling problem, we need to evaluate a solution that optimizes attendance while ensuring no two directly connected districts are selected. Here is the approach:

1. **Algorithm Approach**: I will use a dynamic programming-based approach to solve this problem. The problem can be modeled as a weighted independent set problem on an interval graph, where the goal is to maximize the total weight (attendance) of non-adjacent intervals (district events). Dynamic programming is suitable here because it can systematically explore all possible district selections while considering interdependencies (connections) to ensure an optimal solution.

2. **Greedy Approach**: No, a greedy approach will not work in this case. This is because selecting the district with the highest weight without considering adjacent districts' constraints can lead to a local optimum that is not globally optimal. Specifically, early selection of high-weight districts could block combinations that collectively offer a higher total weight across multiple selections.

3. **First Interval Selection**: The decision for the first selection should be based on examining the network structure and choosing a district that avoids many connections. In this scenario, an initial choice could be District 1, given it has a relatively high weight and limited direct connections compared to District 0, which connects to many others.

4. **Critical Interval**: Selecting District 0 early could most damage the overall optimal total weight. Its connections to four other districts mean choosing it could limit the selection of a large portion of the high-weight districts, potentially leading to a suboptimal solution.

Using the dynamic programming approach, we can systematically explore the possible selections to determine the optimal set of districts and achieve the highest combined attendance.",dynamic programming,False,"**Greedy Approach**: No, a greedy approach will not work in this case. This is because selecting the district with the highest weight without considering adjacent districts' constraints can lead to a local optimum that is not globally optimal. Specifically, early selection of high-weight districts could block combinations that collectively offer a higher total weight across multiple selections.","**First Interval Selection**: The decision for the first selection should be based on examining the network structure and choosing a district that avoids many connections. In this scenario, an initial choice could be District 1, given it has a relatively high weight and limited direct connections compared to District 0, which connects to many others.",,True,
WIS_003,openai/gpt-4o,wis,adversarial,"Approach to solve the problem:

1. **Algorithm to Use**: I will use a dynamic programming approach, specifically the Weighted Independent Set problem for graphs. This is ideal because the problem is framed as selecting non-adjacent vertices in a graph such that the sum of their weights (importance scores) is maximized. This method allows us to handle the conflict constraints effectively by considering optimal sub-problems.

2. **Greedy Approach Feasibility**: No, a greedy approach does not work for this problem. Simply selecting the server with the highest individual importance will not always lead to a global optimal solution because it might force the exclusion of multiple other high-importance servers due to direct connections.

3. **First Interval Selection**: The start can be arbitrary, but typically we could begin evaluating from server 0 (importance score 15), seen as high importance, and then analyze which connected servers need to be excluded and how that affects subsequent choices based on importance scores of connected servers and their connections.

4. **Critical Interval Selection**: For damage assessment, selecting server 0 incorrectly would be quite detrimental because it has direct connections with multiple other servers, impacting choices around servers 1, 2, 3, 0-4 (etc.), all of which could contribute significant importance scores if chosen carefully.

This explanation lays out the strategic thinking to proceed with tackling the problem optimally without prematurely working out the complete solution.",dynamic programming,True,"**Greedy Approach Feasibility**: No, a greedy approach does not work for this problem. Simply selecting the server with the highest individual importance will not always lead to a global optimal solution because it might force the exclusion of multiple other high-importance servers due to direct connections.","**First Interval Selection**: The start can be arbitrary, but typically we could begin evaluating from server 0 (importance score 15), seen as high importance, and then analyze which connected servers need to be excluded and how that affects subsequent choices based on importance scores of connected servers and their connections.",,True,
WIS_004,openai/gpt-4o,wis,adversarial,"1. I will use a dynamic programming approach with memoization to solve this problem. This method is suitable because it allows for considering previous decisions and their consequences, making it possible to systematically explore combinations of towers while accounting for interference constraints.

2. No, a greedy approach will not work here because selecting the highest-weight available interval (tower) without considering interference may lead to suboptimal selections, as a later pair of non-interfering towers might provide a higher combined weight.

3. My first interval selection will be based on choosing a tower that allows for the maximum flexibility and options for subsequent selections, considering both its coverage score and connections. For example, I might start with a tower that has high weight but fewer interfering links, like Tower 3.

4. Selecting Tower 13 early could most damage the optimal total weight because it has direct links to multiple other towers, thus restricting many subsequent tower selections and potentially blocking paths to a better overall combination of higher weights.",dynamic programming,True,"No, a greedy approach will not work here because selecting the highest-weight available interval (tower) without considering interference may lead to suboptimal selections, as a later pair of non-interfering towers might provide a higher combined weight.",,,False,False
WIS_005,openai/gpt-4o,wis,standard,"To solve this problem, which is an instance of the maximum weight independent set problem on a graph, I will employ the following approach:

1. **Algorithm Choice**: I will use a dynamic programming approach typically used for solving the maximum weight independent set problem on graphs like trees. Since the problem involves a conflict graph where nodes (centers) cannot be both included if they are directly connected, the dynamic programming approach will help in considering each node and its connections efficiently to ensure an optimal solution. 

2. **Greedy Approach Feasibility**: No, a greedy approach will not work here because choosing the center with the highest profitability first, without considering its connections, may block the selection of other centers that together might yield a higher total profitability.

3. **First Interval Selection**: The dynamic programming approach doesn't involve selecting an ""interval"" first; it involves processing all nodes while ensuring not to select two connected nodes. However, I will start considering center 8, which has the highest individual profitability, but with caution to its connections.

4. **Critical Interval**: Selecting center 8 incorrectly at the start could potentially compromise the optimal total profitability, as it is connected to multiple other high-profit centers (9, 12, 16) and has the highest individual score, leading to possibly high alternative combinations involving those centers.

This approach ensures optimality by judiciously selecting centers based on their profitability while respecting their connections, maximizing the total profitability without violating constraints.",dynamic programming,False,"**Greedy Approach Feasibility**: No, a greedy approach will not work here because choosing the center with the highest profitability first, without considering its connections, may block the selection of other centers that together might yield a higher total profitability.","**First Interval Selection**: The dynamic programming approach doesn't involve selecting an ""interval"" first; it involves processing all nodes while ensuring not to select two connected nodes. However, I will start considering center 8, which has the highest individual profitability, but with caution to its connections.",,True,
